category,name_en,name_zh_hk,alt_en,alt_zh_hk,source_path,sha256
"supporting","HBCC Investment","HBCC Investment","HBCC Investment logo","HBCC Investment 標誌","public/partners/supporting/SO1_S18-320x202.png","5e6d39fb3af61ecbc768d50e5f3f246a292fac19b033971b14741a0b6acb916e"
"supporting","The Hong Kong Advertisers Association (HKAA)","The Hong Kong Advertisers Association (HKAA)","The Hong Kong Advertisers Association (HKAA) logo","The Hong Kong Advertisers Association (HKAA) 標誌","public/partners/supporting/SO1_S19-320x202.png","5fbf1cb744e29ed77956bdffa80627fcf1432c6ebd110c55fa8b1339e38f94d5"
"supporting","The Association of Accredited Advertising Agencies of Hong Kong (HK4As)","The Association of Accredited Advertising Agencies of Hong Kong (HK4As)","The Association of Accredited Advertising Agencies of Hong Kong (HK4As) logo","The Association of Accredited Advertising Agencies of Hong Kong (HK4As) 標誌","public/partners/supporting/SO1_S20-320x202.png","b6a2d84120003f8e8d27a6b2d551b4aea02cc7eb222f7c710755028067ca2932"
"supporting","Hong Kong Computer Society","Hong Kong Computer Society","Hong Kong Computer Society logo","Hong Kong Computer Society 標誌","public/partners/supporting/SO1_S21-320x202.png","48b4cae438affb1c0c5f6bf16808728679f12b36e30198c95336fb687f641122"
"supporting","The Hong Kong Council of Social Service (HKCSS)","The Hong Kong Council of Social Service (HKCSS)","The Hong Kong Council of Social Service (HKCSS) logo","The Hong Kong Council of Social Service (HKCSS) 標誌","public/partners/supporting/SO1_S22-320x202.png","0bf97417bfe20e019eb6ffb2f71403aa0f8d7a0227c7a87e3e2dbdbaf0299036"
"supporting","Hong Kong E-Commerce Business Association (HKEBA)","Hong Kong E-Commerce Business Association (HKEBA)","Hong Kong E-Commerce Business Association (HKEBA) logo","Hong Kong E-Commerce Business Association (HKEBA) 標誌","public/partners/supporting/SO1_S23-320x202.png","a3fa3106e800607149377234a981b9f29783ac21869355622467436a7887edf9"
"supporting","Hong Kong Electronics & Technologies Association (HKETA)","Hong Kong Electronics & Technologies Association (HKETA)","Hong Kong Electronics & Technologies Association (HKETA) logo","Hong Kong Electronics & Technologies Association (HKETA) 標誌","public/partners/supporting/SO1_S24-320x202.png","de859a89505ca715ef4eeda0eb7802808605ea4e0463a951a033c1276a4655e3"
"supporting","Hong Kong Internet & Ecommerce Association (HKIECA)","Hong Kong Internet & Ecommerce Association (HKIECA)","Hong Kong Internet & Ecommerce Association (HKIECA) logo","Hong Kong Internet & Ecommerce Association (HKIECA) 標誌","public/partners/supporting/SO1_S25-320x202.png","f767f4eb5e66d7a5a6c7a1e2c467cd02967b634493be0b038a45e2a979081d8c"
"supporting","Hong Kong Internet Registration Corporation Limited (HKIRC)","Hong Kong Internet Registration Corporation Limited (HKIRC)","Hong Kong Internet Registration Corporation Limited (HKIRC) logo","Hong Kong Internet Registration Corporation Limited (HKIRC) 標誌","public/partners/supporting/SO1_S26-320x202.png","fcd6e8a10a35cb10a9087b2c2546301e51a2d3fbbdb21458bc7cbf2f1e7527d6"
"supporting","Hong Kong Information Technology Joint Council (HKITJC)","Hong Kong Information Technology Joint Council (HKITJC)","Hong Kong Information Technology Joint Council (HKITJC) logo","Hong Kong Information Technology Joint Council (HKITJC) 標誌","public/partners/supporting/SO1_S27-17-320x202.png","f72ea3a960079702a143e8c55421b7cd202f81a86712bd5bed4c87872335054f"
"supporting","Hong Kong Innovative Technology Development Association (HKITDA)","Hong Kong Innovative Technology Development Association (HKITDA)","Hong Kong Innovative Technology Development Association (HKITDA) logo","Hong Kong Innovative Technology Development Association (HKITDA) 標誌","public/partners/supporting/SO1_S27-51-320x202.png","90655120f3c582e9161b14fecfdb9af2cffadb788e207412209ca60acf9f2f1c"
"supporting","Hong Kong Netrepreneurs Association (HKNA)","Hong Kong Netrepreneurs Association (HKNA)","Hong Kong Netrepreneurs Association (HKNA) logo","Hong Kong Netrepreneurs Association (HKNA) 標誌","public/partners/supporting/SO1_S28-320x202.png","ebed771903a41c89274be22db4160b56b9915684465efd9c646989a6891c8448"
"supporting","Hong Kong Next Generation Internet Society (HKNGIS)","Hong Kong Next Generation Internet Society (HKNGIS)","Hong Kong Next Generation Internet Society (HKNGIS) logo","Hong Kong Next Generation Internet Society (HKNGIS) 標誌","public/partners/supporting/SO1_S29-320x202.png","167ba309b7c5be91aae62b2a9b2519fda91193c796c01c28de41628181dc57c5"
"supporting","Hong Kong Productivity Council (HKPC)","Hong Kong Productivity Council (HKPC)","Hong Kong Productivity Council (HKPC) logo","Hong Kong Productivity Council (HKPC) 標誌","public/partners/supporting/SO1_S30-320x202.png","302f71380af4ef35a5fc3211172fdbbfd5e4d6784bf8eafea8ebf09c49e8d43c"
"supporting","Hong Kong Science and Technology Parks Corporation (HKSTP)","Hong Kong Science and Technology Parks Corporation (HKSTP)","Hong Kong Science and Technology Parks Corporation (HKSTP) logo","Hong Kong Science and Technology Parks Corporation (HKSTP) 標誌","public/partners/supporting/SO1_S31-320x202.png","f20a369529f0a3f33b6731734ef673ac95b347d29503fb0776f3e8d7c16ae415"
"supporting","Hong Kong Trade Development Council (HKTDC)","Hong Kong Trade Development Council (HKTDC)","Hong Kong Trade Development Council (HKTDC) logo","Hong Kong Trade Development Council (HKTDC) 標誌","public/partners/supporting/SO1_S32-320x202.png","647038840d482879c79b54a09b1bb6624753ed945ca0b009540a77e2ac2bab9f"
"supporting","HKUST Entrepreneurship Center","HKUST Entrepreneurship Center","HKUST Entrepreneurship Center logo","HKUST Entrepreneurship Center 標誌","public/partners/supporting/SO1_S33-320x202.png","929ea261209efd55ced73212e5c874f7db2142ba89c14c39263a41131275a968"
"supporting","iDendron — HKU Innovation & Entrepreneurship Hub","iDendron — HKU Innovation & Entrepreneurship Hub","iDendron — HKU Innovation & Entrepreneurship Hub logo","iDendron — HKU Innovation & Entrepreneurship Hub 標誌","public/partners/supporting/SO1_S34-320x202.png","99a68cba7889a17462942c8360b1f3bc42cf641b5bd6756d9d785b7256ab8b1e"
"supporting","Inno Space (HKPC)","Inno Space (HKPC)","Inno Space (HKPC) logo","Inno Space (HKPC) 標誌","public/partners/supporting/SO1_S36-320x202.png","dd4151c833178a8cb8900ef84188d1e45687a7ad004aad7357e7da2e4669da6d"
"supporting","Innovative Entrepreneur Association","Innovative Entrepreneur Association","Innovative Entrepreneur Association logo","Innovative Entrepreneur Association 標誌","public/partners/supporting/SO1_S37-320x202.png","ee6e5ae6471be6a03fdefba6672003246bfa9b9a9aebf14c3c063fa57f02c1ab"
"supporting","InvestHK","InvestHK","InvestHK logo","InvestHK 標誌","public/partners/supporting/SO_S38_R-320x202.png","3d283cc00953cee3af32705507a20246b2da597c243e22094e6677c20782e5c3"
"supporting","Internet Professional Association (iProA)","Internet Professional Association (iProA)","Internet Professional Association (iProA) logo","Internet Professional Association (iProA) 標誌","public/partners/supporting/SO1_S39-320x202.png","93a6e970b896bca381a1a0d00a2cd41cf186a8644fcc548ffd590a5472093170"
"supporting","ISACA China Hong Kong Chapter","ISACA China Hong Kong Chapter","ISACA China Hong Kong Chapter logo","ISACA China Hong Kong Chapter 標誌","public/partners/supporting/SO_S40_R-320x202.png","cbd89ddbf2fa4db97b041046e7b8741e97fb262db329932a6afa275ea0e7f977"
"supporting","Internet Society Hong Kong Chapter","Internet Society Hong Kong Chapter","Internet Society Hong Kong Chapter logo","Internet Society Hong Kong Chapter 標誌","public/partners/supporting/SO1_S41-320x202.png","8f864a1b802d3813b27e7d9fca786ab0665ed48798449618b5deda962b0c2bc3"
"supporting","I.T. People Association of Hong Kong (ITPA)","I.T. People Association of Hong Kong (ITPA)","I.T. People Association of Hong Kong (ITPA) logo","I.T. People Association of Hong Kong (ITPA) 標誌","public/partners/supporting/SO1_S42-320x202.png","e0ae6d7c74d51f3bea6878a76fbf133c3aaff42ee57e29fa2e168cd65d460fab"
"supporting","JCI Hong Kong","JCI Hong Kong","JCI Hong Kong logo","JCI Hong Kong 標誌","public/partners/supporting/SO1_S43-320x202.png","7a79e7838cc9183fc1c652328ef476c7bc45fa47bdbd2a8dc2ec2e47a800fa73"
"supporting","Kornerstone (a Trainocate company)","Kornerstone (a Trainocate company)","Kornerstone (a Trainocate company) logo","Kornerstone (a Trainocate company) 標誌","public/partners/supporting/SO1_S44-320x202.png","343cc18f9013499cb96a3d8b751c647cf8c3299a10e6d50ca0fc9976befe3842"
"supporting","Molecular Hub","Molecular Hub","Molecular Hub logo","Molecular Hub 標誌","public/partners/supporting/SO1_S45-320x202.png","b3fae31c9daee442a0bb69ad503792d1a05f4f8875847037fdd4226ad0c6434a"
"supporting","OOOSH Coworking","OOOSH Coworking","OOOSH Coworking logo","OOOSH Coworking 標誌","public/partners/supporting/SO1_S46-320x202.png","14bbe3eb83de64731924bb8ec3af4963920467fb854a5173a262874717ebb8f3"
"supporting","OneStart Business Centre","OneStart Business Centre","OneStart Business Centre logo","OneStart Business Centre 標誌","public/partners/supporting/SO1_S46-2-320x202.png","b7b17bdc7654d1853c7f71d260e0e2464c9ea3eb0dd953b777287f52fdc6bf2c"
"supporting","CUHK PI Centre","CUHK PI Centre","CUHK PI Centre logo","CUHK PI Centre 標誌","public/partners/supporting/SO1_S47-320x202.png","e7b9aaf1a2e990c2f1a0ccfd3206348c062746ae34a581caa014529fc8de55f1"
"supporting","The Hong Kong Polytechnic University — Institute for Entrepreneurship","The Hong Kong Polytechnic University — Institute for Entrepreneurship","The Hong Kong Polytechnic University — Institute for Entrepreneurship logo","The Hong Kong Polytechnic University — Institute for Entrepreneurship 標誌","public/partners/supporting/SO_S48_R-320x202.png","f412d87dee3fba270099c70c6b001b898aa38759fffca02184629015f6edb140"
"supporting","Hong Kong Retail Technology Industry Association (RTIA)","Hong Kong Retail Technology Industry Association (RTIA)","Hong Kong Retail Technology Industry Association (RTIA) logo","Hong Kong Retail Technology Industry Association (RTIA) 標誌","public/partners/supporting/SO1_S49-320x202.png","369f5657c38b9a15d43d3106e0c0185f053c02abd99b73c7e481e6e83812e5df"
"supporting","Social Enterprise Research Academy","Social Enterprise Research Academy","Social Enterprise Research Academy logo","Social Enterprise Research Academy 標誌","public/partners/supporting/SO1_S50-320x202.png","bbd16a8ad382fa389a23eafb0c9beb2e0667800cd5964a4646c3897d824a769e"
"supporting","StartmeupHK","StartmeupHK","StartmeupHK logo","StartmeupHK 標誌","public/partners/supporting/SO1_S51-320x202.png","6b8dec4d40f65adcfbb145cb74e3bc89346355835b49d3885535d4777a6a4b94"
"supporting","Tencent WeStart","Tencent WeStart","Tencent WeStart logo","Tencent WeStart 標誌","public/partners/supporting/SO1_S52-320x202.png","67f0f8aaa8935c213ff160a5d77009e788c713f197bb7f35bc85100b46a991a5"
"supporting","theDesk","theDesk","theDesk logo","theDesk 標誌","public/partners/supporting/SO1_S53-320x202.png","9ace052d96009b5a14a58634ae40d7b5f329d84085fc92ff1e4e935529e53448"
"supporting","The Wave (Member of Stan Group)","The Wave (Member of Stan Group)","The Wave (Member of Stan Group) logo","The Wave (Member of Stan Group) 標誌","public/partners/supporting/SO1_S54-320x202.png","35b451ddefe52801aa0f70b6d3618114a61525ca91ffa02b0ca394544950c8f3"
"supporting","Uptown Co-workshop","Uptown Co-workshop","Uptown Co-workshop logo","Uptown Co-workshop 標誌","public/partners/supporting/SO1_S56-320x202.png","390400b3ef3491af65f5bb2acfe373b450b19a06fa2ba5cb16b9dcd0673f6305"
"supporting","WorkTech","WorkTech","WorkTech logo","WorkTech 標誌","public/partners/supporting/SO1_S57-320x202.png","593963b1584f5be4cc5f36b87984ce55adae2e39443d635795dae70a4036b70e"
"supporting","zerozone","zerozone","zerozone logo","zerozone 標誌","public/partners/supporting/SO1_S58-320x202.png","9e459283779dca1ad4af3a162d9a82a26cc3ef7f56ebac790208bb1db46e3420"
"supporting","The Association of Cloud and Mobile Computing Professionals","The Association of Cloud and Mobile Computing Professionals","The Association of Cloud and Mobile Computing Professionals logo","The Association of Cloud and Mobile Computing Professionals 標誌","public/partners/supporting/SO1_S1-320x202.png","e3214757398de7369c73a601591d5373bf0c83a4bc00645e558f23b692116bf6"
"supporting","Association of I.T. Leaders in Education (AiTLE)","Association of I.T. Leaders in Education (AiTLE)","Association of I.T. Leaders in Education (AiTLE) logo","Association of I.T. Leaders in Education (AiTLE) 標誌","public/partners/supporting/SO1_S2-320x202.png","4eedd0b87c17fee240dbdc4e57d1e4fb7adb7dad4a690fc16f05e8053046efdb"
"supporting","AngelHub","AngelHub","AngelHub logo","AngelHub 標誌","public/partners/supporting/SO1_S3-320x202.png","5f3666538c5848d6c1c61cb50dea7f9801e11cd9fa267a48432ab94d77e2f48c"
"supporting","ATiS","ATiS","ATiS logo","ATiS 標誌","public/partners/supporting/SO1_S4-320x202.png","f1a1c210883b3ecc3d50cbd22c131079c7cea3723ede5ca3b0990ff7971fbfe2"
"supporting","Blueprint by Swire Properties","Blueprint by Swire Properties","Blueprint by Swire Properties logo","Blueprint by Swire Properties 標誌","public/partners/supporting/SO1_S5-320x202.png","8e2af2c1ef3a176027039498fd10247a7e6e21e2e2d2a897cbc5c4088092c611"
"supporting","The Hong Kong Association of Business and Professional Women (BPW Hong Kong)","The Hong Kong Association of Business and Professional Women (BPW Hong Kong)","The Hong Kong Association of Business and Professional Women (BPW Hong Kong) logo","The Hong Kong Association of Business and Professional Women (BPW Hong Kong) 標誌","public/partners/supporting/SO1_S6-320x202.png","8ba54f347bbce5783a28988050d0cb7a8aa50c905adec7bb4c4894aafb1f2ecb"
"supporting","Communications Association of Hong Kong (CAHK)","Communications Association of Hong Kong (CAHK)","Communications Association of Hong Kong (CAHK) logo","Communications Association of Hong Kong (CAHK) 標誌","public/partners/supporting/SO1_S7-320x202.png","40cb359566a063607dc3aad1576a3212647492393b66d8f434d75ae0369cf014"
"supporting","The Chinese General Chamber of Commerce, Hong Kong (CGCC)","The Chinese General Chamber of Commerce, Hong Kong (CGCC)","The Chinese General Chamber of Commerce, Hong Kong (CGCC) logo","The Chinese General Chamber of Commerce, Hong Kong (CGCC) 標誌","public/partners/supporting/SO1_S8-06-320x202.png","11b8397336af2fd2e8006a909d15ec3534434477a3cc6caf8176402b70305d6e"
"supporting","Knowledge Transfer Office, City University of Hong Kong","Knowledge Transfer Office, City University of Hong Kong","Knowledge Transfer Office, City University of Hong Kong logo","Knowledge Transfer Office, City University of Hong Kong 標誌","public/partners/supporting/SO1_S9-320x202.png","6d697a5ace8c624afadf47a8e5ef073a4effbbc0b7df9bdaa7ba37e504d0a005"
"supporting","CityU Apps Lab","CityU Apps Lab","CityU Apps Lab logo","CityU Apps Lab 標誌","public/partners/supporting/SO1_S10-320x202.png","11ca4f47dfdc6b0981b73a3326ca1131936d7e7aee4076f18bfeba9213c2ee7f"
"supporting","The Chamber of H.K. Computer Industry (CHKCI)","The Chamber of H.K. Computer Industry (CHKCI)","The Chamber of H.K. Computer Industry (CHKCI) logo","The Chamber of H.K. Computer Industry (CHKCI) 標誌","public/partners/supporting/SO1_S11-320x202.png","8472570da1a83e1cb0c57a1ce2225c41db68ea4174c53f965b2d77aa9d79d13c"
"supporting","CoCoon","CoCoon","CoCoon logo","CoCoon 標誌","public/partners/supporting/SO1_S12-320x202.png","3115d17c6bcfb58d28c71f461388a2b82ee69bdfa35846f7bf716f7741b27aa1"
"supporting","Cyberport","Cyberport","Cyberport logo","Cyberport 標誌","public/partners/supporting/SO1_S13-320x202.png","957858e496105457e82f2e3b842008a7511f855919467a5bff82fa267309ec2b"
"supporting","Dream Impact","Dream Impact","Dream Impact logo","Dream Impact 標誌","public/partners/supporting/SO1_S14-320x202.png","3137449fc895ca1141ed1f1b59731befc8930633c14cdffe739c80ebef93f317"
"supporting","Eagles Fund","Eagles Fund","Eagles Fund logo","Eagles Fund 標誌","public/partners/supporting/SO1_S15-320x202.png","28e05680dfdfcfee92cea362bdad1b968ea019f532074ade3647143edcf59a2a"
"supporting","Eureka Nova","Eureka Nova","Eureka Nova logo","Eureka Nova 標誌","public/partners/supporting/SO1_S16-320x202.png","9f40ec7cce6eea9b94cdc59dd918eef19f90b46fb24b389ddd22f0067cf2d418"
"supporting","Federation of Hong Kong Industries (FHKI)","Federation of Hong Kong Industries (FHKI)","Federation of Hong Kong Industries (FHKI) logo","Federation of Hong Kong Industries (FHKI) 標誌","public/partners/supporting/SO1_S17-320x202.png","626add97d45dfbd0c71e582e2cae1741019246b182d0dbb69e6dd58a0883c9fb"
"regional","Myanmar Computer Federation","Myanmar Computer Federation","Myanmar Computer Federation logo","Myanmar Computer Federation 標誌","public/partners/regional/RP_R8-320x202.png","2cf09a07e0b859a0652d9939e618346de6d0012e62cfa7d971a1d7f8881e8b2c"
"regional","Malaysia Digital Economy Corporation (MDEC)","Malaysia Digital Economy Corporation (MDEC)","Malaysia Digital Economy Corporation (MDEC) logo","Malaysia Digital Economy Corporation (MDEC) 標誌","public/partners/regional/RP_R9-320x202.png","b3d47d073eacecf5eb03065f86bfa012291c94c46c3e8645bf186bdbb0fdf9d9"
"regional","SGTech","SGTech","SGTech logo","SGTech 標誌","public/partners/regional/RP_R10-320x202.png","dd029b01d4de16ec68de70096f792fbb9a8a2ac535022f50208c63fcc79207ec"
"regional","Techo Startup Center (Cambodia)","Techo Startup Center (Cambodia)","Techo Startup Center (Cambodia) logo","Techo Startup Center (Cambodia) 標誌","public/partners/regional/RP_R11-320x202.png","fd16cc0b418ca2b02ae80cfe5723b790fd5a1b7b5bb157270520706f248cd78b"
"regional","Indigo Creative Nation","Indigo Creative Nation","Indigo Creative Nation logo","Indigo Creative Nation 標誌","public/partners/regional/RP_R12-320x202.png","15217b24d27557bb71912062d6afe7ffd43d9db4d6c45a1c094702814f8a0d22"
"regional","Taiwan Startup Stadium","Taiwan Startup Stadium","Taiwan Startup Stadium logo","Taiwan Startup Stadium 標誌","public/partners/regional/RP_R13-320x202.png","066e5f9708f920df66f354079c066d9894430cfa12b027c366f8ca30e592595c"
"regional","TusPark / TusStar","TusPark / TusStar","TusPark / TusStar logo","TusPark / TusStar 標誌","public/partners/regional/RP_R14-320x202.png","532c5556003e6749ba73389ccc8b0266274fd7a3cf6b9ce83a116a4fd37001cf"
"regional","WHub","WHub","WHub logo","WHub 標誌","public/partners/regional/RP_R15-320x202.png","24f41ef14016a53831b74aaa57b92d288f1b2b87b2c7dc479183949e8126603b"
"regional","BIC Business Incubation Center","BIC Business Incubation Center","BIC Business Incubation Center logo","BIC Business Incubation Center 標誌","public/partners/regional/RP_R1-320x202.png","acffbd0f369767e5cd0bab701baca103388fc4251957d33a535fed77112b8549"
"regional","Digital Commerce Association of the Philippines (DCOM.PH)","Digital Commerce Association of the Philippines (DCOM.PH)","Digital Commerce Association of the Philippines (DCOM.PH) logo","Digital Commerce Association of the Philippines (DCOM.PH) 標誌","public/partners/regional/RP_R2-320x202.png","d7c4827c512c62e4334b69a86952efb9353b955a81904d3da0284a372ae19fa3"
"regional","ENGMA (Vietnam)","ENGMA (Vietnam)","ENGMA (Vietnam) logo","ENGMA (Vietnam) 標誌","public/partners/regional/RP_R3-320x202.png","f88c0acaa9f8a0f717d7989acb417bf2f392fac3c9144b4c0dc56ae0295f8c06"
"regional","Fintech Association of Sri Lanka (FASL)","Fintech Association of Sri Lanka (FASL)","Fintech Association of Sri Lanka (FASL) logo","Fintech Association of Sri Lanka (FASL) 標誌","public/partners/regional/RP_R4-1-320x202.png","35ea4d431469d607f524c495fd85eb14c49c6dcc13532f7c53d6e39225a1b584"
"regional","Consulate General of Israel in Hong Kong","Consulate General of Israel in Hong Kong","Consulate General of Israel in Hong Kong logo","Consulate General of Israel in Hong Kong 標誌","public/partners/regional/RP_R5-320x202.png","50cf46b2f551462f8b5d448ea8189da72bafd123a1a3b8f90b0d366c125e5d8b"
"regional","Seoul Startup Hub","Seoul Startup Hub","Seoul Startup Hub logo","Seoul Startup Hub 標誌","public/partners/regional/RP_R6-320x202.png","7fab49ce824ae336b589b5bd94becc5abb0be6331f2ab88291e88a6d4141e80a"
"regional","Mobile Content Forum","Mobile Content Forum","Mobile Content Forum logo","Mobile Content Forum 標誌","public/partners/regional/RP_R7-320x202.png","090540cd290d8f734e0de14a1b1bf777d1eb15e23365d44bcbc7418b5440e840"
"media","cpjobs","cpjobs","cpjobs logo","cpjobs 標誌","public/partners/media/MP_M1-320x202.png","839e1b9cc85c637c44667b018619f80e6d262c10e0c950d59d27802cdc48917a"
"media","e-zone Times","e-zone Times","e-zone Times logo","e-zone Times 標誌","public/partners/media/MP_M2-320x202.png","79a8f3b5c7df3917bdae64ebf0ffff910f75da9d436a980f2a2d3a39ab8d20bb"
"media","SME.hket","SME.hket","SME.hket logo","SME.hket 標誌","public/partners/media/MP_M3-320x202.png","b244f6ea16657f6339802da0a27ecfad921df59da53de3cd95bb522291a603f4"
"media","TechApple","TechApple","TechApple logo","TechApple 標誌","public/partners/media/MP_M4-320x202.png","2ea1168baea9d3bf49c69cf34f2c8e0e1f314f3e0197752fd509060b01ca34ef"
"media","PCM","PCM","PCM logo","PCM 標誌","public/partners/media/MP_M5-320x202.png","78d8b0c199edc694244f29cf2fdbb463ab3fe133448b56a250be6bc918597fdc"
"media","unwire.hk","unwire.hk","unwire.hk logo","unwire.hk 標誌","public/partners/media/MP_M6-320x202.png","a8ffa0db89874c830053b3c9a3b1d75e9af3acbb402cb0e01ccdaae0c91b7e3f"
