"ID","優先級","問題編號","角色","測試案例","前置條件／資料","操作步驟","預期／驗收結果","2026-10-01 狀態","主責任務","共同驗收任務","實施狀態","修正SHA","環境","執行結果","新證據位置","阻擋及負責人"
"U01","P2","O14","訪客","登入入口可尋找","匿名桌面及手機","由首頁尋找會員及職員入口；鍵盤到達登入頁","兩種身份入口及支援清楚；原目的頁保留","部分實測：登入頁可用；未重跑所有裝置","T20","T05 T18 T22","unverified","","Confirmed isolated target; candidate not deployed","Not executed against this candidate","",""
"U02","P1","O04","既有職員","職員電郵登入","正式獲授權職員帳戶","要求電郵連結；完成連結；開啟後台","寄送確認、遮罩及冷卻；正確角色與後台","正式實測通過：超級管理員成功登入","T05","T22","unverified","","Confirmed isolated target; candidate not deployed","Not executed against this candidate","",""
"U03","P1","O04","新會員","Google 新身份登入","隔離 Auth；全新 Google 測試身份","選方案及語言；Google 登入；完成 callback","建立唯一 profile；保留方案、語言及目的頁","未完成：本次 Google 密碼金鑰裝置驗證受阻","T05","T22","unverified","","Confirmed isolated target; candidate not deployed","Not executed against this candidate","",""
"U04","P1","O04","會員","失效及重用電郵連結","隔離 Auth；已過期及用過連結","分別開啟連結；重寄；完成新連結","安全拒絕失效連結；可恢復流程；無 token 洩漏","未執行","T05","T22","unverified","","Confirmed isolated target; candidate not deployed","Not executed against this candidate","",""
"U05","P1","O04","會員","登入方式身份碰撞","隔離同電郵 Google／email 身份","先一種方式入會再用另一種登入","依身份連結政策處理；無重複會籍或額外權限","未執行","T05","T22","unverified","","Confirmed isolated target; candidate not deployed","Not executed against this candidate","",""
"U06","P1","O04","新會員","沒有 profile 的登入復原","隔離新 Auth identity、缺 profile","直接開啟 portal；登入並完成建檔","導往可完成的建檔；成功後回原目的地","未執行；仍是發布門檻","T05","T22","unverified","","Confirmed isolated target; candidate not deployed","Not executed against this candidate","",""
"U07","P1","O01","職員","繁中分群可讀","正式分群頁與英文對照","切繁中；閱讀標題、條件、預覽及欄名","全部繁中可讀；不出現佔位問號","正式實測失敗：33 個翻譯值損壞","T01","T22","code fixed; isolated pass","b52c4ea2","Local Chromium + confirmed isolated Neon DB/Auth","pass","evidence/t01/browser.json; verification.md T01",""
"U08","P1","O01","開發者","翻譯內容品質檢查","修正前後 zh-HK JSON","執行品質檢查；注入連續問號樣本再跑","損壞文字使檢查失敗；合法符號不誤報","現有檢查缺口：TSX 掃描通過但未攔截損壞 JSON","T01","T22","code fixed; isolated pass","b52c4ea2","Local Chromium + confirmed isolated Neon DB/Auth","pass","evidence/t01/browser.json; verification.md T01",""
"U09","P2","O14","訪客","會籍方案及價值","公開會籍頁","閱讀價值、價格、資格、CTA；中英對照","清楚分辨個人、機構及付費權益；不露內部 catalog 術語","部分實測：價格可見；文案需改善","T20","T09 T22","unverified","","Confirmed isolated target; candidate not deployed","Not executed against this candidate","",""
"U10","P1","O07","申請人","中斷申請再繼續","隔離 draft 申請；未付款","填半份；登出；從通知或登入後續辦","回原步驟；保留有效資料；不新建重複申請","源碼檢查；正式僅見一份停在 profile 的草稿","T10","T05 T22","partial: code fixed; saved-step/case isolated verification passed","","Confirmed isolated Neon/Auth; localhost3450 Chromium; synthetic identities; no sends/payment","T10: 8 actual SQL + 4 actual Chromium + 177 focused pass; GET zero writes, same application, owner boundary and stale CAS verified","evidence/t10; verification.md#t10--o07-application-cases-and-owned-resume","U10: partially completed unsaved fields/notification resume remain T22; U13: approved test recipient/provider delivery; membership operations"
"U11","P1","O04","機構管理員","公司及席位入會","隔離機構方案及合成員工","建立公司；指定管理員；邀請席位；重用邀請","公司歸屬與席位限制正確；邀請僅能使用一次","未執行","T10","T22","unverified","","Confirmed isolated target; candidate not deployed","Not executed against this candidate","",""
"U12","P1","O04","申請人","付款後會籍啟用","隔離 Auth／DB；Stripe test mode","完成申請及 checkout；送達 webhook；重新登入","唯一訂閱及會籍；金額方案一致；portal 顯示啟用","未執行端到端；相關本地測試通過不代替此案例","T10","T22","unverified","","Confirmed isolated target; candidate not deployed","Not executed against this candidate","",""
"U13","P2","O07","職員","入會補件跟進","隔離缺件申請及測試收件人","指派負責人；要求指定補件；申請人更新","狀態、缺件、期限及 timeline 可追蹤","正式觀察能力缺口：目前主要為狀態清單","T10","T22","partial: code fixed; saved-step/case isolated verification passed","","Confirmed isolated Neon/Auth; localhost3450 Chromium; synthetic identities; no sends/payment","T10: 8 actual SQL + 4 actual Chromium + 177 focused pass; GET zero writes, same application, owner boundary and stale CAS verified","evidence/t10; verification.md#t10--o07-application-cases-and-owned-resume","U10: partially completed unsaved fields/notification resume remain T22; U13: approved test recipient/provider delivery; membership operations"
"U14","P1","O06","申請人","付款前政策確認","已批准的版本化政策；隔離 checkout","讀續費、取消、退款及席位條款；付款","條款可見且版本留存；不得自行推定業務政策","正式內容缺口：多項條款仍要求另行聯絡確認","T09","T20 T22","partial: mechanism code fixed; synthetic-policy isolated pass; business content blocked","","Confirmed isolated Neon DB/Auth; actual Stripe TEST; Chromium localhost3450","5 SQL owner/version/concurrency/hash cases; unchecked server submission creates 0 attempts/receipts, keyboard acknowledgement 1 receipt/attempt, actual TEST checkout open, en/zh/mobile screenshots. Membership remains pending_payment. Synthetic policy is not WTIA approval.","evidence/t09/browser.json; policy-decisions.md","D01-D06 WTIA membership/finance/governance approval; T20 public content; Preview/Production release"
"U15","P2","—","訪客／活動職員","示範與公開活動區分","正式 demo 活動；隔離真實 published 活動","比較管理端及公開列表；查 demo 排除條件","示範不公開；真實已發布活動按規則可見","正式及源碼確認：demo 排除正常；真實活動另待測","T16","T20 T22","unverified","","Confirmed isolated target; candidate not deployed","Not executed against this candidate","",""
"U16","P1","—","參加者","免費及收費報名","隔離免費／付費活動；test card","填報名；完成免費確認或付款；返回訂單","必填校驗；正確狀態；收據及下一步清楚","未執行端到端","T16","T22","T16 code/actual isolated SQL verified; provider/browser financial portion verified; whole case partial","fde6d4e653a0133d46be4cf6557b00c0528664f0","disposable PostgreSQL16; confirmed isolated Neon/Auth; built localhost; Stripe TEST; synthetic only","206focused/22 actual SQL; see provider receipt for real vs controlled portions; no skipped/provider claim","evidence/t16; verification.md T16","T22 whole lifecycle/async provider, QR browser and notice delivery, Preview; engineering/provider operator"
"U17","P1","O12","過期會員","到期後查看帳單及續會","隔離 expired／cancelled 會籍","登入；直接開啟 billing；查看歷史及續會","仍可查看本人帳單及復原；不開放有效會員專屬權益","源碼風險：MEMBERSHIP_INACTIVE 未在 billing 頁處理","T08","T09 T22","partial: billing/reconciliation code fixed; isolated actual scope/provider passed","","Confirmed isolated Neon DB/Auth; Stripe TEST; local Chromium","Terminal expired/cancelled HTTP 500 red then 200 green; 9 SQL ownership/ledger cases; actual paid invoice/root repair and duplicate browser passed. Full applicable checkout/renewal/policy journey pending.","evidence/t08","D01 membership/finance; remaining T16/T22 provider/renewal and Preview/Production release"
"U18","P1","O05","營運職員","續會排程可觀測","隔離到期 90／60／30／14 日樣本","執行排程兩次；查看旅程及 worker 心跳","正確窗口入列一次；有最近成功及下次預期","正式狀態未驗證：自動化無工作記錄","T12","T11 T22","partial: bounded enrollment/source and actual isolated SQL verified; full case/release pending","3324f52c","Confirmed isolated Neon;2040 synthetic clock; no provider/sends; not Preview/Production","11 actual SQL pass;5,011 fixtures/5,002 eligible;50/500 keysets101/11 pages;interruption1000+recovery19008=20008 steps;repeat0;concurrent/constraint/legacy rollback/personal-company verified. Full6236pass/233skip/0fail; worker/cloud/provider case pending.","evidence/t12; evidence/t11","engineering:T21/T22 controlled performance/full lifecycle; operations:isolated cloud target/readback; WTIA:D01-D06 policy/provider gates"
"U19","P1","O05","欠費會員／職員","付款失敗後復原","隔離逾期付款；Stripe test mode","模擬失敗；更新付款方式；處理成功 webhook","欠費通知及權益符合政策；成功後停止催款","未執行端到端","T08","T09 T12 T22","partial: billing/reconciliation code fixed; isolated actual scope/provider passed","","Confirmed isolated Neon DB/Auth; Stripe TEST; local Chromium","Terminal expired/cancelled HTTP 500 red then 200 green; 9 SQL ownership/ledger cases; actual paid invoice/root repair and duplicate browser passed. Full applicable checkout/renewal/policy journey pending. T12 isolated renewal window/cancel exclusion/episode dedupe verified; no new provider claim.","evidence/t08; evidence/t12","D01 membership/finance; remaining T16/T22 provider/renewal and Preview/Production release"
"U20","P1","O06","會員","取消與期末權益","批准取消政策；隔離有效訂閱","請求取消；檢查期末前後；嘗試重複取消","生效日清楚；依政策保留或終止；稽核唯一","未執行；政策待確認","T08","T09 T12 T22","partial: billing/reconciliation code fixed; isolated actual scope/provider passed","","Confirmed isolated Neon DB/Auth; Stripe TEST; local Chromium","Terminal expired/cancelled HTTP 500 red then 200 green; 9 SQL ownership/ledger cases; actual paid invoice/root repair and duplicate browser passed. Full applicable checkout/renewal/policy journey pending. T12 isolated renewal window/cancel exclusion/episode dedupe verified; no new provider claim.","evidence/t08; evidence/t12","D01 membership/finance; remaining T16/T22 provider/renewal and Preview/Production release"
"U21","P1","O12","會員","續會不建立重複訂閱","隔離待續費及既有訂閱","雙擊續會；多頁並發；晚到 webhook","只產生允許的付款／訂閱；舊資料可對帳","未執行端到端","T08","T09 T12 T22","partial: billing/reconciliation code fixed; isolated actual scope/provider passed","","Confirmed isolated Neon DB/Auth; Stripe TEST; local Chromium","Terminal expired/cancelled HTTP 500 red then 200 green; 9 SQL ownership/ledger cases; actual paid invoice/root repair and duplicate browser passed. Full applicable checkout/renewal/policy journey pending. T12 isolated renewal window/cancel exclusion/episode dedupe verified; no new provider claim.","evidence/t08; evidence/t12","D01 membership/finance; remaining T16/T22 provider/renewal and Preview/Production release"
"U22","P1","O03","職員／超管","統一贈予會籍入口","隔離 staff、exco、superadmin","比較舊 comp 與新 grant；提交缺原因／期限","執行批准的角色政策；所有入口同樣要求原因與期限","源碼及表單確認規則不一致；未授予真實會籍","T06","T22","T06 isolated boundary pass; remaining combined journeys pending","","Confirmed isolated Neon DB/Auth and disposable PostgreSQL 16","35 SQL/focused + 107 action + 3 actual Chromium pass; U25 SQL parallel replay one effect","evidence/t06; legacy-comp-inventory.md; verification.md T06","U24 site-wide roles T18/T22; U25 two-browser retry T22; U23 payment repair T08"
"U23","P1","O03/O07","審批員","批准申請與付款修復分離","隔離 pending_review 與已付款未啟用","批准前者；對帳後者；查 audit 與原訂閱","按政策決定；付款修復不另建免費會籍","現有工作流缺口；未執行正式決定","T06","T08 T10 T22","partial: billing/reconciliation code fixed; isolated actual scope/provider passed","","Confirmed isolated Neon DB/Auth; Stripe TEST; local Chromium","Terminal expired/cancelled HTTP 500 red then 200 green; 9 SQL ownership/ledger cases; actual paid invoice/root repair and duplicate browser passed. Full applicable checkout/renewal/policy journey pending.","evidence/t08","D01 membership/finance; remaining T16/T22 provider/renewal and Preview/Production release"
"U24","P1","O03","不同角色","角色及直接請求授權","隔離 member、staff、exco、superadmin","逐角色開頁及提交管理 action；撤權後重試","server 重新授權；拒絕越權；紀錄操作者","未用低權限帳戶完整執行","T06","T05 T18 T22","T06 isolated boundary pass; remaining combined journeys pending","","Confirmed isolated Neon DB/Auth and disposable PostgreSQL 16","35 SQL/focused + 107 action + 3 actual Chromium pass; U25 SQL parallel replay one effect","evidence/t06; legacy-comp-inventory.md; verification.md T06","U24 site-wide roles T18/T22; U25 two-browser retry T22; U23 payment repair T08"
"U25","P1","O03","超管","會籍授予並發與重試","隔離同一對象及已有 pending 會籍","兩視窗同時授予；超時重試；查看資料","唯一有效結果；清楚衝突原因；不破壞既有付款","源碼有 duplicate guard；端到端未執行","T06","T22","T06 isolated boundary pass; remaining combined journeys pending","","Confirmed isolated Neon DB/Auth and disposable PostgreSQL 16","35 SQL/focused + 107 action + 3 actual Chromium pass; U25 SQL parallel replay one effect","evidence/t06; legacy-comp-inventory.md; verification.md T06","U24 site-wide roles T18/T22; U25 two-browser retry T22; U23 payment repair T08"
"U26","P2","O02","職員","批次停用時的選取狀態","正式 flags 關閉","會員列表勾選；尋找操作；開批次頁","列表說明能力或隱藏無用途選取；歷史仍可讀","正式實測失敗：可勾選但無命令；批次頁才解釋","T02","T22","code fixed; isolated pass","","Local Chromium + confirmed isolated Neon DB/Auth","pass","evidence/t02/browser.json; verification.md T02",""
"U27","P1","O02","職員","50 筆批次預覽及執行","隔離 50 合成會員；單一批次操作開關","勾選；預覽差異及排除；確認；查看完成","數量一致；每筆可追蹤；無未選對象被修改","未執行；正式新增批次停用","T14","T13 T22","batch lifecycle isolated-partial; provider/scale gates remain","aec412aa; 3f2a5f71","Disposable PostgreSQL16 with current lookup indexes; synthetic data; no providers","T13:10 actual SQL/147 focused pass;5000 IDs one query; exclusions/5010 limit/company-revoked scope/repeatable-read concurrency and existing digest/owner guards pass;30 warm samples per50/500/5000. Whole8-operation execution/provider remains T14/T22.; T14 168 focused pass/0skip:17actualSQL; Chromium2pass en/zh desktop390mobile keyboard; unknown effects never safe retry","evidence/t13; verification.md T13; evidence/t14/receipts.json; evidence/t14/batch-operation-matrix.md","Engineering: complete8-operation effect/50-500-5000 execution matrix T15/T16/T21/T22; provider operator: real accepted-timeout reconciliation; release operator: tagged isolated worker/Preview and Production gates"
"U28","P1","O02","職員","跨頁全選與條件變更","隔離 500 profiles；多種狀態","選本頁再選全部符合；改篩選；提交","明示選取範圍；改條件後重確認；無隱性擴大","未執行","T13","T14 T22","batch lifecycle isolated-partial; provider/scale gates remain","aec412aa; 3f2a5f71","Disposable PostgreSQL16 with current lookup indexes; synthetic data; no providers","T13:10 actual SQL/147 focused pass;5000 IDs one query; exclusions/5010 limit/company-revoked scope/repeatable-read concurrency and existing digest/owner guards pass;30 warm samples per50/500/5000. Whole8-operation execution/provider remains T14/T22.; T14 168 focused pass/0skip:17actualSQL; Chromium2pass en/zh desktop390mobile keyboard; unknown effects never safe retry","evidence/t13; verification.md T13; evidence/t14/receipts.json; evidence/t14/batch-operation-matrix.md","Engineering: complete8-operation effect/50-500-5000 execution matrix T15/T16/T21/T22; provider operator: real accepted-timeout reconciliation; release operator: tagged isolated worker/Preview and Production gates"
"U29","P1","O02","職員","預覽過期及資料版本衝突","隔離已預覽 batch；另人修改部分會員","修改資料後執行舊預覽","舊版項目阻擋或要求重預覽；不得覆蓋新資料","未執行端到端","T13","T14 T22","batch lifecycle isolated-partial; provider/scale gates remain","aec412aa; 3f2a5f71","Disposable PostgreSQL16 with current lookup indexes; synthetic data; no providers","T13:10 actual SQL/147 focused pass;5000 IDs one query; exclusions/5010 limit/company-revoked scope/repeatable-read concurrency and existing digest/owner guards pass;30 warm samples per50/500/5000. Whole8-operation execution/provider remains T14/T22.; T14 168 focused pass/0skip:17actualSQL; Chromium2pass en/zh desktop390mobile keyboard; unknown effects never safe retry","evidence/t13; verification.md T13; evidence/t14/receipts.json; evidence/t14/batch-operation-matrix.md","Engineering: complete8-operation effect/50-500-5000 execution matrix T15/T16/T21/T22; provider operator: real accepted-timeout reconciliation; release operator: tagged isolated worker/Preview and Production gates"
"U30","P1","O05","營運職員","供應商已接收但回應超時","隔離測試收件人及可注入故障 provider","送信後模擬超時；worker 重啟；查對帳","標明不確定；查 provider receipt 後處理；不盲重送","未執行；屬發布門檻","T14","T11 T19 T22","batch lifecycle isolated-partial; provider/scale gates remain","aec412aa; 3f2a5f71","Confirmed isolated target; candidate not deployed","Not executed against this candidate; health:7 SQL,57 worker tests,4 actual local scheduled episodes,6 Chromium; no provider acceptance/cloud release; T14 168 focused pass/0skip:17actualSQL; Chromium2pass en/zh desktop390mobile keyboard; unknown effects never safe retry","; evidence/t11; evidence/t14/receipts.json; evidence/t14/batch-operation-matrix.md","Engineering: complete8-operation effect/50-500-5000 execution matrix T15/T16/T21/T22; provider operator: real accepted-timeout reconciliation; release operator: tagged isolated worker/Preview and Production gates"
"U31","P1","O13","營運／開發者","5,000 筆批次規模","隔離 5,000 合成會員及 worker","預覽；提交；測 queue age、吞吐、查詢及 UI","背景處理；頁面及 DB 在核定預算內；無漏項重複","源碼規模風險；未做負載測試","T13","T14 T21 T22","batch lifecycle isolated-partial; provider/scale gates remain","aec412aa; 3f2a5f71","Disposable PostgreSQL16 with current lookup indexes; synthetic data; no providers","T13:10 actual SQL/147 focused pass;5000 IDs one query; exclusions/5010 limit/company-revoked scope/repeatable-read concurrency and existing digest/owner guards pass;30 warm samples per50/500/5000. Whole8-operation execution/provider remains T14/T22.; T14 168 focused pass/0skip:17actualSQL; Chromium2pass en/zh desktop390mobile keyboard; unknown effects never safe retry","evidence/t13; verification.md T13; evidence/t14/receipts.json; evidence/t14/batch-operation-matrix.md","Engineering: complete8-operation effect/50-500-5000 execution matrix T15/T16/T21/T22; provider operator: real accepted-timeout reconciliation; release operator: tagged isolated worker/Preview and Production gates"
"U32","P1","O02","職員","會員匯入與重複資料","隔離 CSV：重複、無效電郵、中英名","試匯入；查看欄位映射與錯誤；修正後確認","逐列預覽；重複策略清楚；只提交有效且確認的資料","未執行；先核對當前匯入能力","T15","T22","code fixed; focused SQL and built local browser verified; cloud/release gates pending","991a67eb;83ebfa60","Disposable PostgreSQL16/full schema; confirmed isolated Neon/Auth; localhost3450 Next16.3.6 built Chromium; synthetic data only","148focused/0skip/0fail:14actualSQL+134unit;33route checks;2built Chromium en/zh-HK desktop390mobile;5rows reviewed,2confirmed effects,repeat0;identity/role/membership/consent preserved; private minimal report/CSV allowlist/TTL/retention boundaries passed","evidence/t15/receipts.json; evidence/t15 screenshots and minimal issue CSV; verification.md T15","Provider operator: approved data-update invitation/test recipient; engineering/release: cloud worker/Preview and T21/T22 aggregate acceptance; Oct1 Production release gate"
"U33","P1","O02","職員","匯出私隱及有效期","隔離合成個資與不同角色","匯出篩選結果；過期／其他角色開下載","欄位最小化；審核記錄；短期存取及授權正確","未執行正式匯出","T15","T22","code fixed; focused SQL and built local browser verified; cloud/release gates pending","991a67eb;83ebfa60","Disposable PostgreSQL16/full schema; confirmed isolated Neon/Auth; localhost3450 Next16.3.6 built Chromium; synthetic data only","148focused/0skip/0fail:14actualSQL+134unit;33route checks;2built Chromium en/zh-HK desktop390mobile;5rows reviewed,2confirmed effects,repeat0;identity/role/membership/consent preserved; private minimal report/CSV allowlist/TTL/retention boundaries passed","evidence/t15/receipts.json; evidence/t15 screenshots and minimal issue CSV; verification.md T15","Provider operator: approved data-update invitation/test recipient; engineering/release: cloud worker/Preview and T21/T22 aggregate acceptance; Oct1 Production release gate"
"U34","P1","O02","職員","取消與部分失敗重試","隔離 batch 部分成功、部分確定失敗","中途取消；重開詳情；只重試安全失敗項","已成功不重做；取消邊界清楚；未知送達先對帳","未執行","T14","T22","batch lifecycle isolated-partial; provider/scale gates remain","aec412aa; 3f2a5f71","Confirmed isolated target; candidate not deployed","Not executed against this candidate; T14 168 focused pass/0skip:17actualSQL; Chromium2pass en/zh desktop390mobile keyboard; unknown effects never safe retry","; evidence/t14/receipts.json; evidence/t14/batch-operation-matrix.md","Engineering: complete8-operation effect/50-500-5000 execution matrix T15/T16/T21/T22; provider operator: real accepted-timeout reconciliation; release operator: tagged isolated worker/Preview and Production gates"
"U35","P2","O10","職員","分群第 51 筆結果","隔離 51 及 120 個符合 profiles","開預覽；翻到下一頁；比對總數與 cursor","結果可遍歷且不重不漏；條件保留","源碼確認 nextCursor 未在結果介面使用","T03","T22","code-fixed; isolated-verified","T03 commit follows","confirmed isolated localhost SQL/Auth","51/101 traversal and reverse; 2 Chromium pass","evidence/t03","Preview pending"
"U36","P1","O11","職員","分群舊 Queue 入口","隔離已保存分群及測試收件人","建立預覽；點舊 Queue；檢查狀態及 audience snapshot","按批准政策進草稿／審批；不得繞過必要審批","源碼確認舊入口直接 queued；未實際寄送","T07","T03 T22","code fixed; isolated review and SQL boundaries pass; provider pending","","Confirmed isolated Neon DB/Auth; actual Chromium","13 real SQL + 2 Chromium pass; no provider send","evidence/t07/campaign.json; verification.md T07","Tagged isolated worker/provider T11/T22; production release owner"
"U37","P1","O05/O11","作者／審批員","雙人通訊審批與排程","隔離兩職員帳戶及允許收件人","作者送審；自行審批；另一人批准；worker 執行","自審受限；受眾與內容版本一致；有 provider receipt","未執行端到端","T07","T11 T19 T22","code fixed; isolated review and SQL boundaries pass; provider pending; T11 health portion isolated verified; whole case pending","","Confirmed isolated Neon DB/Auth; actual Chromium","13 real SQL + 2 Chromium pass; no provider send; health:7 SQL,57 worker tests,4 actual local scheduled episodes,6 Chromium; no provider acceptance/cloud release","evidence/t07/campaign.json; verification.md T07; evidence/t11","Tagged isolated worker/provider T11/T22; production release owner; operations:dedicated isolated cloud worker target/SHA; task owner:remaining provider/business journey"
"U38","P1","O11","會員／職員","停止接收與發送前檢查","隔離已入列收件人；同意後撤回","入列後退訂／STOP；執行發送","最後一刻按頻道、目的及同意政策阻擋；記錄原因","未執行端到端","T07","T19 T22","code fixed; isolated review and SQL boundaries pass; provider pending","","Confirmed isolated Neon DB/Auth; actual Chromium","13 real SQL + 2 Chromium pass; no provider send","evidence/t07/campaign.json; verification.md T07","Tagged isolated worker/provider T11/T22; production release owner"
"U39","P1","—","參加者","最後席位並發報名","隔離僅剩 1 席活動；兩身份","同時 checkout；付款；逾期保留釋放","不超售；未得席位不錯誤確認；釋放可追蹤","僅源碼／本地測試；未隔離 E2E","T16","T22","T16 code/actual isolated SQL verified; provider/browser financial portion verified; whole case partial","fde6d4e653a0133d46be4cf6557b00c0528664f0","disposable PostgreSQL16; confirmed isolated Neon/Auth; built localhost; Stripe TEST; synthetic only","206focused/22 actual SQL; see provider receipt for real vs controlled portions; no skipped/provider claim","evidence/t16; verification.md T16","T22 whole lifecycle/async provider, QR browser and notice delivery, Preview; engineering/provider operator"
"U40","P1","—","系統／財務","Webhook 重送及亂序","隔離 test-mode 訂單；合法簽章事件","重送同事件；逆序送相關事件；查票與款","狀態不倒退；唯一付款效果、票及記帳","僅源碼／本地測試；未 provider 閉環","T16","T22","T16 code/actual isolated SQL verified; provider/browser financial portion verified; whole case partial","fde6d4e653a0133d46be4cf6557b00c0528664f0","disposable PostgreSQL16; confirmed isolated Neon/Auth; built localhost; Stripe TEST; synthetic only","206focused/22 actual SQL; see provider receipt for real vs controlled portions; no skipped/provider claim","evidence/t16; verification.md T16","T22 whole lifecycle/async provider, QR browser and notice delivery, Preview; engineering/provider operator"
"U41","P1","O05","參加者／支援","付款成功後通知失敗","隔離已付款訂單及可失敗郵件供應商","令票券信失敗；查訂單；恢復供應商重試","票與款保留正確；可查票；重試無重複票券","未執行端到端","T16","T11 T22","T16 code/actual isolated SQL verified; provider/browser financial portion verified; whole case partial","fde6d4e653a0133d46be4cf6557b00c0528664f0","disposable PostgreSQL16; confirmed isolated Neon/Auth; built localhost; Stripe TEST; synthetic only","206focused/22 actual SQL; see provider receipt for real vs controlled portions; no skipped/provider claim","evidence/t16; verification.md T16","T22 whole lifecycle/async provider, QR browser and notice delivery, Preview; engineering/provider operator"
"U42","P1","O05","簽到員","QR 重複與錯活動簽到","隔離兩活動及有效／退款票","掃有效票；重掃；另一活動掃；退款後掃","清楚已使用／無效原因；角色受控；audit 留存","未執行","T16","T11 T22","T16 code/actual isolated SQL verified; provider/browser financial portion verified; whole case partial","fde6d4e653a0133d46be4cf6557b00c0528664f0","disposable PostgreSQL16; confirmed isolated Neon/Auth; built localhost; Stripe TEST; synthetic only","206focused/22 actual SQL; see provider receipt for real vs controlled portions; no skipped/provider claim","evidence/t16; verification.md T16","T22 whole lifecycle/async provider, QR browser and notice delivery, Preview; engineering/provider operator"
"U43","P1","O05","財務","退款非同步完成與失敗","隔離 test-mode 已付訂單；批准退款角色","申請退款；延遲結果；模擬失敗及重送","pending／成功／失敗分開；票券依政策處理；可對帳","未執行；不涉及正式退款","T16","T11 T22","T16 code/actual isolated SQL verified; provider/browser financial portion verified; whole case partial","fde6d4e653a0133d46be4cf6557b00c0528664f0","disposable PostgreSQL16; confirmed isolated Neon/Auth; built localhost; Stripe TEST; synthetic only","206focused/22 actual SQL; see provider receipt for real vs controlled portions; no skipped/provider claim；實際 Stripe TEST pending→succeeded / succeeded→failed、簽名 callback 重播通過；非同步付款／傳輸 accepted-timeout 仍待驗收","evidence/t16; verification.md T16; evidence/t16/provider-async.json","T22 whole lifecycle/async provider, QR browser and notice delivery, Preview; engineering/provider operator"
"U44","P1","O05","支援職員","Inbox 接收去重及交接","隔離合成訊息及兩職員","重送 inbound event；指派；回覆；交接","訊息不重複；owner、SLA、送達及 audit 清楚","正式空列表；未完整執行支援流程","T19","T11 T22","unverified; T11 health portion isolated verified; whole case pending","","Confirmed isolated target; candidate not deployed","Not executed against this candidate; health:7 SQL,57 worker tests,4 actual local scheduled episodes,6 Chromium; no provider acceptance/cloud release","; evidence/t11","; operations:dedicated isolated cloud worker target/SHA; task owner:remaining provider/business journey"
"U45","P2","O07/O09","營運主管","每日工作清單","隔離草稿、快到期、待回覆、付款例外","開 dashboard；指派；處理；核對統計","可見負責人、期限及下一步；profile 不冒充有效會員","正式觀察缺口：草稿缺少工作數字及 case 動作","T18","T10 T19 T22","unverified","","Confirmed isolated target; candidate not deployed","Not executed against this candidate","",""
"U46","P2","O08","內容編輯","CMS Back／Forward 草稿復原","正式只輸入未儲存文字；修正後隔離重測","填 hero title；瀏覽器返回；前進","提示或可復原未發布草稿；不默默遺失","正式實測失敗：無提示；回來輸入已消失","T04","T17 T22","code-fixed; isolated-verified","T04 commit follows","confirmed isolated localhost DB/Auth","hero.title Back/Forward and reload restore; desktop/mobile","evidence/t04","Preview and final release gates pending"
"U47","P2","O09","內容編輯","CMS 區塊搜尋及欄位識別","Home 的 166 keys；中英內容","搜尋 hero；定位欄位；只看已修改；鍵盤閱讀","按區塊呈現；唯一 labels；預覽清楚","正式觀察：332 文字框及重複語言 labels","T17","T22","unverified","","Confirmed isolated target; candidate not deployed","Not executed against this candidate","",""
"U48","P1","O08","兩位內容編輯","並發儲存與發布復原","隔離相同頁面兩個版本","兩人修改；先後儲存；預覽；發布及回復","衝突可見；草稿／發布分離；版本與 audit 可恢復","未執行；正式未儲存任何內容","T17","T04 T22","unverified","","Confirmed isolated target; candidate not deployed","Not executed against this candidate","",""
"U49","P2","O09","職員","手機與鍵盤後台操作","隔離 390px、768px、桌面；鍵盤","搜尋會員、篩選、開詳情、預覽及關閉對話框","不橫向卡死；焦點正確；可讀狀態及錯誤","本輪未完整重跑","T18","T22","unverified","","Confirmed isolated target; candidate not deployed","Not executed against this candidate","",""
"U50","P2","O09","活動編輯","尋找合適活動圖片","79 partner logos 及合成活動圖片","開圖片選擇；按用途及名稱搜尋；預覽","縮圖、類型、搜尋及替代文字可用","正式觀察 UX 缺口：長列表混入 partner logos","T17","T22","unverified","","Confirmed isolated target; candidate not deployed","Not executed against this candidate","",""
"U51","P2","O13","開發／營運","續會候選規模與狀態","隔離多狀態大資料；已取消及遠期會籍","執行候選查詢及 enrol；收集 EXPLAIN 與耗時","只讀所需窗口；分頁 checkpoint；重跑冪等","源碼風險：無狀態窗口／分頁；未量正式 DB","T12","T21 T22","pass: isolated bounded-window/keyset/checkpoint criteria; release/performance follow-up pending","3324f52c","Confirmed isolated Neon;2040 synthetic clock; no provider/sends; not Preview/Production","11 actual SQL pass;5,011 fixtures/5,002 eligible;50/500 keysets101/11 pages;interruption1000+recovery19008=20008 steps;repeat0;concurrent/constraint/legacy rollback/personal-company verified. Full6236pass/233skip/0fail; worker/cloud/provider case pending.","evidence/t12; evidence/t11","engineering:T21/T22 controlled performance/full lifecycle; operations:isolated cloud target/readback; WTIA:D01-D06 policy/provider gates"
"U52","P2","O13","開發者","公共頁分段效能","公開首頁、會籍、活動及靜態對照","分別量 DNS／connect／TLS／TTFB／total","能區分網絡及伺服器；不把握手延遲報作 DB 慢","已量 12 次及對照；約 8 秒主要在 TLS；非真用戶結論","T21","T22","unverified","","Confirmed isolated target; candidate not deployed","Not executed against this candidate","",""
"U53","P2","O13","產品／開發者","真實使用者與列表效能","香港及新加坡；mobile／desktop；隔離大列表","收集 p75 CWV、列表 p95、queue age 與錯誤率","核定指標達標；樣本及環境明示；私有內容不公用快取","未做 RUM、Lighthouse 或正式 DB profile","T21","T22","unverified","","Confirmed isolated target; candidate not deployed","Not executed against this candidate","",""
"U54","P2","O14","內容職員","夥伴內容與資產","正式 79 筆夥伴","核對分組、連結、可見圖片；滾動再載入","58 支持、15 區域、6 媒體；無內部驗證術語干擾","正式部分通過：79 記錄；當時 8 圖已載入且無失敗；未全圖驗收","T20","T22","unverified","","Confirmed isolated target; candidate not deployed","Not executed against this candidate","",""
"U55","P1","O04","匿名／會員","管理入口與權限拒絕","隔離匿名及普通會員；職員 deep link","開管理頁；登入；再試未授權 action","匿名需登入；會員不得因知道 URL 得到管理權限","本輪只完成合法超管登入；完整拒絕矩陣未跑","T05","T22","unverified","","Confirmed isolated target; candidate not deployed","Not executed against this candidate","",""
"U56","P1","—","發布負責人","付款環境與供應商身份","授權的部署與 provider readback","核對 test/live 模式、價格、endpoint、寄件人及 secret scope","有當前證據；UI 金額與 server catalog 一致；不混環境","本輪未做供應商設定完整 readback；歷史文件不代替","T23","T09 T16 T22","unverified","","Confirmed isolated target; candidate not deployed","Not executed against this candidate","",""
"U57","P1","O02/O05","發布負責人","Flags、schema 及 worker 配套","隔離及批准的正式 canary","核對 migration、worker SHA、schedule、flags；逐項啟用","能力狀態可見；worker 健康後再開；歷史查閱不受影響","正式 batch 明示停用；配套發布驗收未完成","T23","T02 T11 T22","unverified; T11 health portion isolated verified; whole case pending","","Confirmed isolated target; candidate not deployed","Not executed against this candidate; health:7 SQL,57 worker tests,4 actual local scheduled episodes,6 Chromium; no provider acceptance/cloud release","; evidence/t11","; operations:dedicated isolated cloud worker target/SHA; task owner:remaining provider/business journey"
"U58","P1","—","發布負責人","回退不破壞交易","隔離新舊版本及已完成交易","停新工作；回退 app／flags；重讀票款會籍和 jobs","可繼續對帳；不刪 audit 或已收款效果；schema 相容","未執行故障演練","T23","T22","unverified","","Confirmed isolated target; candidate not deployed","Not executed against this candidate","",""
"U59","P2","O14","營運主管","零資料報表及會員定義","正式零收入；隔離 staff／profile／active member","核對 ARR、MRR、轉換率及人數定義","零分母為 N/A；職員與 profiles 不冒充付費會員","正式部分通過：零收入及 N/A 合理；名詞需澄清","T18","T20 T22","unverified","","Confirmed isolated target; candidate not deployed","Not executed against this candidate","",""
"U60","P1","O04/O05","營運／會員","完整生命週期交接","隔離指定收件人；全新申請至到期案例","登入、建檔、付款、啟用、支援、續會；匯總 receipt","各階段同一身份與會籍；職員能獨立完成下一步；有交易證據","未完成完整旅程；不得以本地測試數目代替","T22","T23","unverified","","Confirmed isolated target; candidate not deployed","Not executed against this candidate","",""
