finding,status,task,evidence,gate,owner
O01,source-confirmed,T01,33 corrupted Admin.segments zh-HK values,,engineering
O02,source-confirmed,T02,Selection visible without enabled operations,activation requires release matrix,engineering
O03,unverified,T06,Reconcile legacy comp callers and current guards,grant policy signoff if missing,governance
O04,unverified,T05,Google audit stopped at device passkey,isolated Google and magic-link provider setup,identity owner
O05,unverified,T11,No current deployed worker evidence,worker metadata and isolated invocation,operations
O06,unverified,T09,Check approved policy version,association policy authority,membership and finance
O07,unverified,T10,Inspect current application workflow,review policy authority,membership operations
O08,source-confirmed,T04,Historical CMS Back/Forward reproduction; current behavior to rerun,,engineering
O09,unverified,T17 T18,Inspect current CMS maintenance and workspace,,engineering
O10,source-confirmed,T03,SegmentResults ignores nextCursor,,engineering
O11,source-confirmed,T07,SegmentResults still uses legacy queue form,review and communication policy,communications
O12,unverified,T08,Inspect own billing authorization,,engineering
O13,unverified,T12 T13 T21,Measure current SQL and renewal bounds,isolated load fixture,engineering
O14,unverified,T20,Verify public wording and identity semantics,content signoff,association content owner
