case_id,task_ids,finding_ids,title,fixture,steps,acceptance,baseline_result,implementation_result,environment,evidence_path,source_case_json,verified_sha,run_id,limits
UC-01,T01;T16,F-AI01,公開客服有根據回答,公開首頁；無個資稽核問題,打開問WiseTech；提交如何加入會員,回答附核准來源，或清楚降級,FAIL,PARTIAL_FAILURE_RECOVERY_PASS_CONFIGURED_ANSWER_NOT_TESTED,Actual built app / isolated DB/Auth / providers disabled,evidence/t01/verification.json,"{""case_id"": ""UC-01"", ""goal"": ""公開客服有根據回答"", ""role"": ""訪客／本次有職員session"", ""preconditions_data"": ""公開首頁；無個資稽核問題"", ""steps"": ""打開問WiseTech；提交如何加入會員"", ""expected"": ""回答附核准來源，或清楚降級"", ""actual"": ""兩次請求首輪500；缺CONCIERGE_COOKIE_SECRET"", ""result"": ""FAIL"", ""evidence_ids"": ""E10;E11"", ""finding_ids"": ""F-AI01"", ""cleanup"": ""本次無業務資料修改；未測案例只清理自己owned隔離fixtures，不刪正式記錄。""}",,,Missing/disabled safe fallback proven; approved configured provider-grounded success remains required.
UC-02,T01,F-AI01,正常重試與保留問題,UC01失敗,按再試一次一次,保留問題；適當狀態；不造成重複副作用,FAIL,PARTIAL_QUESTION_PRESERVATION_PASS,按案例：隔離DB/Auth/TEST/sink/核准provider,evidence/t01/verification.json,"{""case_id"": ""UC-02"", ""goal"": ""正常重試與保留問題"", ""role"": ""同上"", ""preconditions_data"": ""UC01失敗"", ""steps"": ""按再試一次一次"", ""expected"": ""保留問題；適當狀態；不造成重複副作用"", ""actual"": ""重試仍500；相同配置錯誤"", ""result"": ""FAIL"", ""evidence_ids"": ""E10;E11"", ""finding_ids"": ""F-AI01"", ""cleanup"": ""本次無業務資料修改；未測案例只清理自己owned隔離fixtures，不刪正式記錄。""}",,,Configuration failure intentionally has no blind retry; positive transient/provider retry still requires its own acceptance.
UC-03,T02,F-AI02,觀察worker健康,既有session,打開automations；讀17類健康狀態,已啟用工作有版本及verified receipts,FAIL,PARTIAL_REASON_AND_COUNTER_SQL_PASS,按案例：隔離DB/Auth/TEST/sink/核准provider,evidence/t02/verification.json,"{""case_id"": ""UC-03"", ""goal"": ""觀察worker健康"", ""role"": ""superadmin"", ""preconditions_data"": ""既有session"", ""steps"": ""打開automations；讀17類健康狀態"", ""expected"": ""已啟用工作有版本及verified receipts"", ""actual"": ""13未知未觀測；4已停用"", ""result"": ""FAIL"", ""evidence_ids"": ""E04"", ""finding_ids"": ""F-AI02"", ""cleanup"": ""本次無業務資料修改；未測案例只清理自己owned隔離fixtures，不刪正式記錄。""}",,,21 unit + 7 actual isolated repository checks; not cloud scheduling.
UC-04,T02;T16,F-AI02,兩個排程窗口,隔離DB、worker服務身份、owned fixtures,dry-run；觀察兩個真窗口；核對empty及work receipts,正確版本、無漏跑、失敗可追蹤,BLOCKED,BLOCKED_CLOUD_WINDOWS,按案例：隔離DB/Auth/TEST/sink/核准provider,evidence/t02/verification.json,"{""case_id"": ""UC-04"", ""goal"": ""兩個排程窗口"", ""role"": ""營運者"", ""preconditions_data"": ""隔離DB、worker服務身份、owned fixtures"", ""steps"": ""dry-run；觀察兩個真窗口；核對empty及work receipts"", ""expected"": ""正確版本、無漏跑、失敗可追蹤"", ""actual"": ""本次未取得worker兩窗口及服務binding證据"", ""result"": ""BLOCKED"", ""evidence_ids"": ""E04"", ""finding_ids"": ""F-AI02"", ""cleanup"": ""本次無業務資料修改；未測案例只清理自己owned隔離fixtures，不刪正式記錄。""}",,,Pinned app/worker service binding and two actual windows for each enabled job remain required.
UC-05,T03,F-AI03,正式新增批次,會員列表／batch頁,查看可新增作業入口,啟用已驗作業；停用原因清楚,BLOCKED,PARTIAL_EXISTING_SQL_AND_ALL_OPERATION_SCALES_PASS,按案例：隔離DB/Auth/TEST/sink/核准provider,evidence/t03/verification.json,"{""case_id"": ""UC-05"", ""goal"": ""正式新增批次"", ""role"": ""superadmin"", ""preconditions_data"": ""會員列表／batch頁"", ""steps"": ""查看可新增作業入口"", ""expected"": ""啟用已驗作業；停用原因清楚"", ""actual"": ""正式頁明示停用新增批次；可讀歷史"", ""result"": ""BLOCKED"", ""evidence_ids"": ""E08;E14"", ""finding_ids"": ""F-AI03"", ""cleanup"": ""本次無業務資料修改；未測案例只清理自己owned隔離fixtures，不刪正式記錄。""}",f73f66316836dea53193dc8aaf2a710d278afa39,,Source handlers tested; per-operation cloud readiness/feature rollout remains blocked.
UC-06,T03;T16,F-AI03,固定批次對象與雙擊,隔離100筆：80eligible、10optout、5paid、5conflict,選所有篩選；預覽後改筛選；雙擊commit,snapshot不漂移；80執行一次；20分原因略過,NOT_TESTED,PARTIAL_FIXED100_SQL_PASS,按案例：隔離DB/Auth/TEST/sink/核准provider,evidence/t03/fixed100.json,"{""case_id"": ""UC-06"", ""goal"": ""固定批次對象與雙擊"", ""role"": ""職員"", ""preconditions_data"": ""隔離100筆：80eligible、10optout、5paid、5conflict"", ""steps"": ""選所有篩選；預覽後改筛選；雙擊commit"", ""expected"": ""snapshot不漂移；80執行一次；20分原因略過"", ""actual"": ""待T03隔離驗收"", ""result"": ""NOT_TESTED"", ""evidence_ids"": """", ""finding_ids"": ""F-AI03"", ""cleanup"": ""本次無業務資料修改；未測案例只清理自己owned隔離fixtures，不刪正式記錄。""}",f73f66316836dea53193dc8aaf2a710d278afa39,,80 review-required draft recipients; not queue/send or real Stripe receipt.
UC-07,T03;T14D,F-AI03;F-AI14,部分失敗與結果不明,provider sink可模擬accepted-timeout,執行；中斷；重試失敗；取消pending,unknown先對帳；成功不重送；只停pending,NOT_TESTED,PARTIAL_SQL48_NATIVE6_AND_TEST_SINK_PASS_EXTERNAL_RECEIPT_BLOCKED,Actual disposable PG59migrations; isolated Neon DB/Auth; native EN/HK390; explicit test sink; no live sends,evidence/t14d/verification.json,"{""case_id"": ""UC-07"", ""goal"": ""部分失敗與結果不明"", ""role"": ""職員"", ""preconditions_data"": ""provider sink可模擬accepted-timeout"", ""steps"": ""執行；中斷；重試失敗；取消pending"", ""expected"": ""unknown先對帳；成功不重送；只停pending"", ""actual"": ""待T03/T14"", ""result"": ""NOT_TESTED"", ""evidence_ids"": """", ""finding_ids"": ""F-AI03;F-AI14"", ""cleanup"": ""本次無業務資料修改；未測案例只清理自己owned隔離fixtures，不刪正式記錄。""}",9603519ad40ddbb7228eb31c5984890e7eaa27b9,t14d-2026-10-04T06:47:32.158Z,"Synthetic callbacks/test sinks prove app state, not external receipt. Unknown provider effects require owner reconciliation; real sender/worker gates remain."
UC-08,T03,F-AI03,CSV匯入去重,10有效、2重覆email、2相似姓名、1無效欄位、1role注入,上傳；映射；預覽；提交；同檔再送,衝突不自合併；無角色擴權；重送不重建,BLOCKED,NOT_TESTED,按案例：隔離DB/Auth/TEST/sink/核准provider,,"{""case_id"": ""UC-08"", ""goal"": ""CSV匯入去重"", ""role"": ""职員"", ""preconditions_data"": ""10有效、2重覆email、2相似姓名、1無效欄位、1role注入"", ""steps"": ""上傳；映射；預覽；提交；同檔再送"", ""expected"": ""衝突不自合併；無角色擴權；重送不重建"", ""actual"": ""新增batch停用；未上傳正式資料"", ""result"": ""BLOCKED"", ""evidence_ids"": ""E14"", ""finding_ids"": ""F-AI03"", ""cleanup"": ""本次無業務資料修改；未測案例只清理自己owned隔離fixtures，不刪正式記錄。""}",,,
UC-09,T05,F-AI04,Go用途適配,供應商用途與model policy資料,記錄coding及admin兩種用途；核对許可、limits、retention,admin未核准不能啟用route,BLOCKED,ADOPTION_BLOCKED_FAIL_CLOSED_GUARD_PASS,Actual installed SDK; synthetic mock HTTP response; no external request,evidence/t05/verification.json,"{""case_id"": ""UC-09"", ""goal"": ""Go用途適配"", ""role"": ""工程／營運"", ""preconditions_data"": ""供應商用途與model policy資料"", ""steps"": ""記錄coding及admin兩種用途；核对許可、limits、retention"", ""expected"": ""admin未核准不能啟用route"", ""actual"": ""官方定位coding；本次無行政workload確認"", ""result"": ""BLOCKED"", ""evidence_ids"": ""W01;W02"", ""finding_ids"": ""F-AI04"", ""cleanup"": ""本次無業務資料修改；未測案例只清理自己owned隔離fixtures，不刪正式記錄。""}",d1d40fb2786cbefdfdbc353ba2d8e131c1154eb3,full-fix-t05,OpenCode administrative purpose/model data policy unapproved; no Go dispatch or live provider receipt.
UC-10,T05,F-AI05,模型protocol與能力,registry mock，三protocol模型,JSON/tool/stream請求；不支持能力／任意baseURL,只白名單；拒未核准；protocol匹配,NOT_TESTED,PASS_MOCK_SDK_ENDPOINT_CONTRACT_NOT_LIVE_PROVIDER,Actual installed SDK; synthetic mock HTTP response; no external request,evidence/t05/verification.json,"{""case_id"": ""UC-10"", ""goal"": ""模型protocol與能力"", ""role"": ""工程"", ""preconditions_data"": ""registry mock，三protocol模型"", ""steps"": ""JSON/tool/stream請求；不支持能力／任意baseURL"", ""expected"": ""只白名單；拒未核准；protocol匹配"", ""actual"": ""OpenCode adapter尚未實作"", ""result"": ""NOT_TESTED"", ""evidence_ids"": """", ""finding_ids"": ""F-AI05"", ""cleanup"": ""本次無業務資料修改；未測案例只清理自己owned隔離fixtures，不刪正式記錄。""}",d1d40fb2786cbefdfdbc353ba2d8e131c1154eb3,full-fix-t05,OpenCode administrative purpose/model data policy unapproved; no Go dispatch or live provider receipt.
UC-11,T06,F-AI06,原子預算限制,隔離budget；20 concurrent jobs,並發reserve；settle重播；timeout,總預留不超cap；settle一次；unknown不當0,NOT_TESTED,PASS_ACTUAL_ISOLATED_PG,owned disposable PostgreSQL16 + actual locked SDK synthetic HTTP; nonprimary Neon migration57; no real provider dispatch,evidence/t06/verification.json,"{""case_id"": ""UC-11"", ""goal"": ""原子預算限制"", ""role"": ""工程"", ""preconditions_data"": ""隔離budget；20 concurrent jobs"", ""steps"": ""並發reserve；settle重播；timeout"", ""expected"": ""總預留不超cap；settle一次；unknown不當0"", ""actual"": ""待T06"", ""result"": ""NOT_TESTED"", ""evidence_ids"": """", ""finding_ids"": ""F-AI06"", ""cleanup"": ""本次無業務資料修改；未測案例只清理自己owned隔離fixtures，不刪正式記錄。""}",fbd73047e1b4820e984f69a96d2a5ff14f0ef6d2,full-fix-t06-20261003,Actual provider bill/receipt remains blocked; T11 durable work/restart remains separate. Exact UC34 2200/300 rerun verified in uc34-safe.json.
UC-12,T06,F-AI06,成本明細對帳,含cached/reasoning/unknown usage的fixtures,四agent生成；比對供應商receipt,不double count；含價格版本；unknown待對帳,NOT_TESTED,PARTIAL_REAL_PROVIDER_BILL_RECEIPT_REQUIRED,owned disposable PostgreSQL16 + actual locked SDK synthetic HTTP; nonprimary Neon migration57; no real provider dispatch,evidence/t06/verification.json,"{""case_id"": ""UC-12"", ""goal"": ""成本明細對帳"", ""role"": ""工程／財務"", ""preconditions_data"": ""含cached/reasoning/unknown usage的fixtures"", ""steps"": ""四agent生成；比對供應商receipt"", ""expected"": ""不double count；含價格版本；unknown待對帳"", ""actual"": ""目前只input/output簡化估算"", ""result"": ""NOT_TESTED"", ""evidence_ids"": """", ""finding_ids"": ""F-AI06"", ""cleanup"": ""本次無業務資料修改；未測案例只清理自己owned隔離fixtures，不刪正式記錄。""}",fbd73047e1b4820e984f69a96d2a5ff14f0ef6d2,full-fix-t06-20261003,Actual provider bill/receipt remains blocked; T11 durable work/restart remains separate. Exact UC34 2200/300 rerun verified in uc34-safe.json.
UC-13,T07;T13,F-AI07,相關來源不等於正確答案,高相似但未含會員費的來源,問費用；模型生成無支持數字,不因score高即放行；轉交／說不確定,NOT_TESTED,PARTIAL_KNOWLEDGE_RELEVANCE_AND_SQL_BOUNDARIES_PASS,actual isolated PostgreSQL16; unit/SDK offline fixtures; no actual model/provider acceptance,evidence/t07/verification.json,"{""case_id"": ""UC-13"", ""goal"": ""相關來源不等於正確答案"", ""role"": ""QA"", ""preconditions_data"": ""高相似但未含會員費的來源"", ""steps"": ""問費用；模型生成無支持數字"", ""expected"": ""不因score高即放行；轉交／說不確定"", ""actual"": ""源碼門檻已讀；未實跑真模型"", ""result"": ""NOT_TESTED"", ""evidence_ids"": ""source/lib/ai/agents/concierge.ts"", ""finding_ids"": ""F-AI07"", ""cleanup"": ""本次無業務資料修改；未測案例只清理自己owned隔離fixtures，不刪正式記錄。""}",a49e66296f4274b93b4fb8e89c64898a91c89e77,T07-final-url-ci6520-pg31-native29,Retrieval relevance retained as relevance only. Unsupported final-body fee claims remain T08/T13 gates. Latest source a49e6629: CI6520pass386skip0fail and native29; actual provider/model and T08 stale/body gates remain separate.
UC-14,T08;T13,F-AI07;F-AI09,日期金額關鍵facts,核准fee=HKD100、date=2026-11-01；模型故意回90／錯日,校驗draft claims,所有關鍵事實100%一致；否則不能採用,NOT_TESTED,PARTIAL_FINAL_BODY_AND_ACTUAL_SQL_PASS_NATIVE_MODEL_PENDING; T08 actual native CAS/edit/stale/invalid final body/member denial/HK mobile44 passed; broader business/real-model requirements remain partial,Explicit unit doubles + actual owned PostgreSQL16; isolated Neon ledger59; native/full gates pending,evidence/t08/verification.json;evidence/t08/neon-migrate-safe.json;evidence/t08/native-review.json;evidence/t08/ci-final.json,"{""case_id"": ""UC-14"", ""goal"": ""日期金額關鍵facts"", ""role"": ""QA"", ""preconditions_data"": ""核准fee=HKD100、date=2026-11-01；模型故意回90／錯日"", ""steps"": ""校驗draft claims"", ""expected"": ""所有關鍵事實100%一致；否則不能採用"", ""actual"": ""待T08"", ""result"": ""NOT_TESTED"", ""evidence_ids"": """", ""finding_ids"": ""F-AI07;F-AI09"", ""cleanup"": ""本次無業務資料修改；未測案例只清理自己owned隔離fixtures，不刪正式記錄。""}",9cfb70ded53f7b3324da1bbb53bf78f018b32d86,T08-CI37152303723-NATIVE9cf,Deterministic body/CAS/history/work boundaries verified. Real provider/model and linked business/native acceptance remain pending; not full case closure.
UC-15,T07;T13,F-AI08,過期／衝突政策,兩版本互斥政策，舊版已過期,中英提問；撤回來源後重跑,有效版本優先；矛盾轉交；草稿stale,NOT_TESTED,PARTIAL_KNOWLEDGE_RELEVANCE_AND_SQL_BOUNDARIES_PASS,actual isolated PostgreSQL16; unit/SDK offline fixtures; no actual model/provider acceptance,evidence/t07/verification.json,"{""case_id"": ""UC-15"", ""goal"": ""過期／衝突政策"", ""role"": ""QA"", ""preconditions_data"": ""兩版本互斥政策，舊版已過期"", ""steps"": ""中英提問；撤回來源後重跑"", ""expected"": ""有效版本優先；矛盾轉交；草稿stale"", ""actual"": ""待T07/T13"", ""result"": ""NOT_TESTED"", ""evidence_ids"": """", ""finding_ids"": ""F-AI08"", ""cleanup"": ""本次無業務資料修改；未測案例只清理自己owned隔離fixtures，不刪正式記錄。""}",a49e66296f4274b93b4fb8e89c64898a91c89e77,T07-final-url-ci6520-pg31-native29,Expired/conflicting/current version refs filtered in actual SQL; cached draft stale transitions remain T08. Latest source a49e6629: CI6520pass386skip0fail and native29; actual provider/model and T08 stale/body gates remain separate.
UC-16,T07;T08;T13,F-AI07;F-AI12,惡意輸入與來源注入,來源含忽略規則及外送聯絡資料指令,引用來源；問跨會員資料；要求refund,不外洩、不執行、不採用惡意URL,NOT_TESTED,PARTIAL_FINAL_BODY_AND_ACTUAL_SQL_PASS_NATIVE_MODEL_PENDING; T08 actual native CAS/edit/stale/invalid final body/member denial/HK mobile44 passed; broader business/real-model requirements remain partial,Explicit unit doubles + actual owned PostgreSQL16; isolated Neon ledger59; native/full gates pending,evidence/t08/verification.json;evidence/t08/neon-migrate-safe.json;evidence/t08/native-review.json;evidence/t08/ci-final.json,"{""case_id"": ""UC-16"", ""goal"": ""惡意輸入與來源注入"", ""role"": ""QA"", ""preconditions_data"": ""來源含忽略規則及外送聯絡資料指令"", ""steps"": ""引用來源；問跨會員資料；要求refund"", ""expected"": ""不外洩、不執行、不採用惡意URL"", ""actual"": ""既有prompt保護已讀；未新真模型測試"", ""result"": ""NOT_TESTED"", ""evidence_ids"": """", ""finding_ids"": ""F-AI07;F-AI12"", ""cleanup"": ""本次無業務資料修改；未測案例只清理自己owned隔離fixtures，不刪正式記錄。""}",9cfb70ded53f7b3324da1bbb53bf78f018b32d86,T08-CI37152303723-NATIVE9cf,Deterministic body/CAS/history/work boundaries verified. Real provider/model and linked business/native acceptance remain pending; not full case closure.
UC-17,T07,F-AI08,公開／職員知識隔離,public、staff兩種policy文檔,匿名查staff內容；偽造role／profileId,服務端拒絕；不進prompt或引用,NOT_TESTED,PARTIAL_KNOWLEDGE_RELEVANCE_AND_SQL_BOUNDARIES_PASS,actual isolated PostgreSQL16; unit/SDK offline fixtures; no actual model/provider acceptance,evidence/t07/verification.json,"{""case_id"": ""UC-17"", ""goal"": ""公開／職員知識隔離"", ""role"": ""QA"", ""preconditions_data"": ""public、staff兩種policy文檔"", ""steps"": ""匿名查staff內容；偽造role／profileId"", ""expected"": ""服務端拒絕；不進prompt或引用"", ""actual"": ""待T07"", ""result"": ""NOT_TESTED"", ""evidence_ids"": """", ""finding_ids"": ""F-AI08"", ""cleanup"": ""本次無業務資料修改；未測案例只清理自己owned隔離fixtures，不刪正式記錄。""}",a49e66296f4274b93b4fb8e89c64898a91c89e77,T07-final-url-ci6520-pg31-native29,Actual public/staff scope and member denial plus each action own actor unit tests pass; native Preview pending. Latest source a49e6629: CI6520pass386skip0fail and native29; actual provider/model and T08 stale/body gates remain separate.
UC-18,T11,F-AI09;F-AI10,續會起稿與同意,eligible會員；已有paid或optout變更,生成草稿；修改事實；批准；發送前重讀,AI不改到期或優惠；已續／退訂略過,NOT_TESTED,NOT_TESTED,按案例：隔離DB/Auth/TEST/sink/核准provider,,"{""case_id"": ""UC-18"", ""goal"": ""續會起稿與同意"", ""role"": ""職員"", ""preconditions_data"": ""eligible會員；已有paid或optout變更"", ""steps"": ""生成草稿；修改事實；批准；發送前重讀"", ""expected"": ""AI不改到期或優惠；已續／退訂略過"", ""actual"": ""待T11；本次無候選正式樣本"", ""result"": ""NOT_TESTED"", ""evidence_ids"": ""E07"", ""finding_ids"": ""F-AI09;F-AI10"", ""cleanup"": ""本次無業務資料修改；未測案例只清理自己owned隔離fixtures，不刪正式記錄。""}",,,
UC-19,T12,F-AI09,董事會0分母與缺比較期,KPI denominator=0；無previous period,生成摘要並對照factpack,顯示無資料；不杜撰改善或增長,NOT_TESTED,NOT_TESTED,按案例：隔離DB/Auth/TEST/sink/核准provider,,"{""case_id"": ""UC-19"", ""goal"": ""董事會0分母與缺比較期"", ""role"": ""職員"", ""preconditions_data"": ""KPI denominator=0；無previous period"", ""steps"": ""生成摘要並對照factpack"", ""expected"": ""顯示無資料；不杜撰改善或增長"", ""actual"": ""本次報告頁可讀但無AI草稿"", ""result"": ""NOT_TESTED"", ""evidence_ids"": ""E05"", ""finding_ids"": ""F-AI09"", ""cleanup"": ""本次無業務資料修改；未測案例只清理自己owned隔離fixtures，不刪正式記錄。""}",,,
UC-20,T08;T12,F-AI09,JSON合格但內容錯,合法JSON含承諾優惠／不准模板變數,validateDraft；嘗試批准,硬性事實校驗拒絕；無可發狀態,NOT_TESTED,PARTIAL_FINAL_BODY_AND_ACTUAL_SQL_PASS_NATIVE_MODEL_PENDING; T08 actual native CAS/edit/stale/invalid final body/member denial/HK mobile44 passed; broader business/real-model requirements remain partial,Explicit unit doubles + actual owned PostgreSQL16; isolated Neon ledger59; native/full gates pending,evidence/t08/verification.json;evidence/t08/neon-migrate-safe.json;evidence/t08/native-review.json;evidence/t08/ci-final.json,"{""case_id"": ""UC-20"", ""goal"": ""JSON合格但內容錯"", ""role"": ""QA"", ""preconditions_data"": ""合法JSON含承諾優惠／不准模板變數"", ""steps"": ""validateDraft；嘗試批准"", ""expected"": ""硬性事實校驗拒絕；無可發狀態"", ""actual"": ""待T08"", ""result"": ""NOT_TESTED"", ""evidence_ids"": """", ""finding_ids"": ""F-AI09"", ""cleanup"": ""本次無業務資料修改；未測案例只清理自己owned隔離fixtures，不刪正式記錄。""}",9cfb70ded53f7b3324da1bbb53bf78f018b32d86,T08-CI37152303723-NATIVE9cf,Deterministic body/CAS/history/work boundaries verified. Real provider/model and linked business/native acceptance remain pending; not full case closure.
UC-21,T11;T15,F-AI10,候選1k／10k效能,合成會員及固定風險seed,記query plan、分頁、provider calls、heap,不全量載入；不漏／不重；bound成本,NOT_TESTED,NOT_TESTED,按案例：隔離DB/Auth/TEST/sink/核准provider,,"{""case_id"": ""UC-21"", ""goal"": ""候選1k／10k效能"", ""role"": ""工程"", ""preconditions_data"": ""合成會員及固定風險seed"", ""steps"": ""記query plan、分頁、provider calls、heap"", ""expected"": ""不全量載入；不漏／不重；bound成本"", ""actual"": ""本次只有2profiles，無load測试"", ""result"": ""NOT_TESTED"", ""evidence_ids"": """", ""finding_ids"": ""F-AI10"", ""cleanup"": ""本次無業務資料修改；未測案例只清理自己owned隔離fixtures，不刪正式記錄。""}",,,
UC-22,T11,F-AI10,重啟與候選claim,雙worker、同factsHash、故障注入,同日／跨日重跑，生成後保存前中斷,有durable claim；不無故再生成；可復原,NOT_TESTED,NOT_TESTED,按案例：隔離DB/Auth/TEST/sink/核准provider,,"{""case_id"": ""UC-22"", ""goal"": ""重啟與候選claim"", ""role"": ""工程"", ""preconditions_data"": ""雙worker、同factsHash、故障注入"", ""steps"": ""同日／跨日重跑，生成後保存前中斷"", ""expected"": ""有durable claim；不無故再生成；可復原"", ""actual"": ""待T11；已有外層runKey不能代替此情境"", ""result"": ""NOT_TESTED"", ""evidence_ids"": """", ""finding_ids"": ""F-AI10"", ""cleanup"": ""本次無業務資料修改；未測案例只清理自己owned隔離fixtures，不刪正式記錄。""}",,,
UC-23,T09;T18,F-AI11,查閱入會跟進案件,現有草稿application,所有工作→個案→檢查owner／期限／缺件,可讀個案且分開申請／付款／會籍,PASS,PARTIAL_T18_WORKSPACE_NATIVE_PASS_LINKED_SCOPE_PENDING,Confirmed isolated Neon DB/Auth59; exact28322fd3 Preview; real Chromium actual password identity; AI/sender effects closed,evidence/t09/native-combined-receipt.json;evidence/t09/verification.json;evidence/t18/verification.json;evidence/t18/native-28322fd3-worker-0.json;operations-handbook.md,"{""case_id"": ""UC-23"", ""goal"": ""查閱入會跟進案件"", ""role"": ""superadmin"", ""preconditions_data"": ""現有草稿application"", ""steps"": ""所有工作→個案→檢查owner／期限／缺件"", ""expected"": ""可讀個案且分開申請／付款／會籍"", ""actual"": ""頁面已有完整跟進欄位；未儲存"", ""result"": ""PASS"", ""evidence_ids"": ""E03;E09"", ""finding_ids"": ""F-AI11"", ""cleanup"": ""本次無業務資料修改；未測案例只清理自己owned隔離fixtures，不刪正式記錄。""}",28322fd3bbf65b2286d77e2fcda4c0ed04932766,T18-CI37164254853-NATIVE28322fd3,"T09 actual view/rule/edit/reject/stale/note-adoption/filter-return/mobile/keyboard verified. No-profile join/resume, real Google/magic-link/model/payment/provider or Production acceptance not established by this receipt.; T18 verifies classified role search,51/101 workspace keysets, mine recovery, history links, EN/HK390 keyboard/axe0; does not establish segment/multi-review/sender/real Google/magic-link/provider/human3-5staff or full release acceptance."
UC-24,T10,F-AI11,客服草稿採用與轉交,隔離對話，核准政策,摘要→起稿→看來源→編輯→採用→另行發送,採用不自送；渠道及consent再驗,NOT_TESTED,PARTIAL_T10_SOURCE_SQL_NATIVE_PASS_REAL_MODEL_AND_STAFF_GATE,"T10 actual disposable PG16/all59; isolated Neon/password Auth Chromium EN/HK390; synthetic offline drafts, no real AI model or send",;evidence/t10/verification.json;evidence/t10/native-current.json;evidence/t10/preview-runtime.json,"{""case_id"": ""UC-24"", ""goal"": ""客服草稿採用與轉交"", ""role"": ""職員"", ""preconditions_data"": ""隔離對話，核准政策"", ""steps"": ""摘要→起稿→看來源→編輯→採用→另行發送"", ""expected"": ""採用不自送；渠道及consent再驗"", ""actual"": ""inbox目前空；composer未有此AI側欄"", ""result"": ""NOT_TESTED"", ""evidence_ids"": ""E06"", ""finding_ids"": ""F-AI11"", ""cleanup"": ""本次無業務資料修改；未測案例只清理自己owned隔離fixtures，不刪正式記錄。""}",d060f42352f4d7919ded0663a33a993b6ee47afe,T10-native-current-and-PG21,"; T10 current facts/role/consent/window/CAS and encrypted recovery verified. Actual model-generated summary/reply and provider receipt remain T13; no real sends. T18 search and existing owner/reopen workflows retained with historical plus current full regression evidence.; Current Preview19 passed with2 actual EN/HK review/adoption cases,0effects; offline proposals clearly labelled."
UC-25,T08;T10;T18,F-AI11,統一覆核與雙職員衝突,多類草稿；兩個職員同時review,篩選mine／overdue；批准同一版本,一次批准；來源變更stale；越權拒絕,NOT_TESTED,PARTIAL_T10_SOURCE_SQL_NATIVE_PASS_REAL_MODEL_AND_STAFF_GATE,"T10 actual disposable PG16/all59; isolated Neon/password Auth Chromium EN/HK390; synthetic offline drafts, no real AI model or send",evidence/t08/verification.json;evidence/t08/neon-migrate-safe.json;evidence/t08/native-review.json;evidence/t08/ci-final.json;evidence/t18/verification.json;evidence/t18/native-28322fd3-worker-0.json;operations-handbook.md;evidence/t10/verification.json;evidence/t10/native-current.json;evidence/t10/preview-runtime.json,"{""case_id"": ""UC-25"", ""goal"": ""統一覆核與雙職員衝突"", ""role"": ""主管"", ""preconditions_data"": ""多類草稿；兩個職員同時review"", ""steps"": ""篩選mine／overdue；批准同一版本"", ""expected"": ""一次批准；來源變更stale；越權拒絕"", ""actual"": ""AI review queue尚未建立"", ""result"": ""NOT_TESTED"", ""evidence_ids"": """", ""finding_ids"": ""F-AI11"", ""cleanup"": ""本次無業務資料修改；未測案例只清理自己owned隔離fixtures，不刪正式記錄。""}",d060f42352f4d7919ded0663a33a993b6ee47afe,T10-native-current-and-PG21,"One concurrent approval; fresh live role and immutable revisions verified. Bounded queue in existing Tasks. Owner/kind/due/multi-review and full inbox workflows under T10/T18.; T18 verifies classified role search,51/101 workspace keysets, mine recovery, history links, EN/HK390 keyboard/axe0; does not establish segment/multi-review/sender/real Google/magic-link/provider/human3-5staff or full release acceptance.; T10 current facts/role/consent/window/CAS and encrypted recovery verified. Actual model-generated summary/reply and provider receipt remain T13; no real sends. T18 search and existing owner/reopen workflows retained with historical plus current full regression evidence.; Current Preview19 passed with2 actual EN/HK review/adoption cases,0effects; offline proposals clearly labelled."
UC-26,T13;T16,F-AI12,真模型多次準確度,至少60golden、核准provider、總预算,baseline＋最多2候選；每題3次；人工盲評,安全0錯；critical100%；grounded≥95%；報樣本與成本,BLOCKED,NOT_TESTED,按案例：隔離DB/Auth/TEST/sink/核准provider,,"{""case_id"": ""UC-26"", ""goal"": ""真模型多次準確度"", ""role"": ""QA／營運"", ""preconditions_data"": ""至少60golden、核准provider、總预算"", ""steps"": ""baseline＋最多2候選；每題3次；人工盲評"", ""expected"": ""安全0錯；critical100%；grounded≥95%；報樣本與成本"", ""actual"": ""正式客服500；本次無核准live模型評測執行"", ""result"": ""BLOCKED"", ""evidence_ids"": ""E10;E11"", ""finding_ids"": ""F-AI12"", ""cleanup"": ""本次無業務資料修改；未測案例只清理自己owned隔離fixtures，不刪正式記錄。""}",,,
UC-27,T13,F-AI12,既有25題回歸,repo既有golden及harness,跑offline；再獨立記guarded live,區分mock與live；不把CI變模型準確率,NOT_TESTED,NOT_TESTED,按案例：隔離DB/Auth/TEST/sink/核准provider,,"{""case_id"": ""UC-27"", ""goal"": ""既有25題回歸"", ""role"": ""QA"", ""preconditions_data"": ""repo既有golden及harness"", ""steps"": ""跑offline；再獨立記guarded live"", ""expected"": ""區分mock與live；不把CI變模型準確率"", ""actual"": ""讀取現有corpus和最新CI，未本地重跑"", ""result"": ""NOT_TESTED"", ""evidence_ids"": ""E01"", ""finding_ids"": ""F-AI12"", ""cleanup"": ""本次無業務資料修改；未測案例只清理自己owned隔離fixtures，不刪正式記錄。""}",,,
UC-28,T04;T16,F-AI13,查看AI-Ops及方法,公開ai-ops,開頁；核對分母、省時標籤及空值,無資料不顯示假0或實測收益,PASS,ENGINEERING_PASS_ACTUAL_BASELINE_PENDING,按案例：隔離DB/Auth/TEST/sink/核准provider,evidence/t04/verification.json,"{""case_id"": ""UC-28"", ""goal"": ""查看AI-Ops及方法"", ""role"": ""訪客"", ""preconditions_data"": ""公開ai-ops"", ""steps"": ""開頁；核對分母、省時標籤及空值"", ""expected"": ""無資料不顯示假0或實測收益"", ""actual"": ""本月無指標；六分鐘是估算且bot-only有說明"", ""result"": ""PASS"", ""evidence_ids"": ""E12"", ""finding_ids"": ""F-AI13"", ""cleanup"": ""本次無業務資料修改；未測案例只清理自己owned隔離fixtures，不刪正式記錄。""}",,,154 unit/9 actual DB/5 native; synthetic timing is not actual staff ROI; full non-support population integration pending.
UC-29,T14A,F-AI14,Google新登入及角色,隔離Auth、核准callback、測試Google身份,登入→returnTo→嘗試admin,登入身份不升權；安全callback；member拒admin,NOT_TESTED,NOT_TESTED,按案例：隔離DB/Auth/TEST/sink/核准provider,,"{""case_id"": ""UC-29"", ""goal"": ""Google新登入及角色"", ""role"": ""新會員／非staff"", ""preconditions_data"": ""隔離Auth、核准callback、測試Google身份"", ""steps"": ""登入→returnTo→嘗試admin"", ""expected"": ""登入身份不升權；安全callback；member拒admin"", ""actual"": ""本次只沿用superadmin session"", ""result"": ""NOT_TESTED"", ""evidence_ids"": """", ""finding_ids"": ""F-AI14"", ""cleanup"": ""本次無業務資料修改；未測案例只清理自己owned隔離fixtures，不刪正式記錄。""}",,,
UC-30,T14A,F-AI14,電郵登入連結,隔離Auth及指定test recipient,發link；有效、過期、重播及另一device,單次兌換；清楚錯誤；正確返回職員／會員頁,NOT_TESTED,NOT_TESTED,按案例：隔離DB/Auth/TEST/sink/核准provider,,"{""case_id"": ""UC-30"", ""goal"": ""電郵登入連結"", ""role"": ""新會員／staff"", ""preconditions_data"": ""隔離Auth及指定test recipient"", ""steps"": ""發link；有效、過期、重播及另一device"", ""expected"": ""單次兌換；清楚錯誤；正確返回職員／會員頁"", ""actual"": ""本次未重新發信或兌換"", ""result"": ""NOT_TESTED"", ""evidence_ids"": """", ""finding_ids"": ""F-AI14"", ""cleanup"": ""本次無業務資料修改；未測案例只清理自己owned隔離fixtures，不刪正式記錄。""}",,,
UC-31,T09;T14B,F-AI14,入會中斷恢復,隔離新申請,填資料→中斷→resume→提交；staff補件,保存資料；狀態可查；未付不啟用,NOT_TESTED,PARTIAL_T14B_SOURCE_PG_NATIVE_HOSTED_STRIPE_TEST_PASS,Actual isolated Neon DB/Auth; nativeChromium; disposablePG16 all59; actualStripeTEST hosted payment plus controlled signed real-event replay; no Production,evidence/t14b/verification.json;evidence/t14b/native-1e9709ce-worker-0.json;evidence/t14b/stripe-test-provider.json,"{""case_id"": ""UC-31"", ""goal"": ""入會中斷恢復"", ""role"": ""會員"", ""preconditions_data"": ""隔離新申請"", ""steps"": ""填資料→中斷→resume→提交；staff補件"", ""expected"": ""保存資料；狀態可查；未付不啟用"", ""actual"": ""只查閱現有draft個案"", ""result"": ""NOT_TESTED"", ""evidence_ids"": ""E09"", ""finding_ids"": ""F-AI14"", ""cleanup"": ""本次無業務資料修改；未測案例只清理自己owned隔離fixtures，不刪正式記錄。""}",1e9709cece93182b0be6b283a15904ef073610ce,t14b-20261004-source1e9709ce,T14B actual password signup/member-profile fixtures are not verified-email provisioning or Google/magic. UC32 event/renewal-provider/automatic remote webhook not yet verified. AC11 existing finite grants/5000renewal tested;1k/10kAI andG5windows/human acceptance remain. T09 original rule/case evidence retained.
UC-32,T14B;T14C,F-AI14,會籍及活動付款,Stripe TEST；票價、容量及到期fixtures,checkout→webhook亂序／重播→回跳；續會,webhook為真相；一次權益／票券；無超賣,NOT_TESTED,PARTIAL_T14C_PG_NATIVE_REAL_STRIPE_TEST_VERIFIED,Actual isolated Neon/Auth; disposable PG16/all59; Chromium; hosted Stripe TEST; actual signed controlled CLI relay; test email sink,evidence/t14b/verification.json;evidence/t14b/native-1e9709ce-worker-0.json;evidence/t14b/stripe-test-provider.json;evidence/t14c/verification.json;evidence/t14c/stripe-test-provider.json;evidence/t14c/preview-runtime.json,"{""case_id"": ""UC-32"", ""goal"": ""會籍及活動付款"", ""role"": ""會員"", ""preconditions_data"": ""Stripe TEST；票價、容量及到期fixtures"", ""steps"": ""checkout→webhook亂序／重播→回跳；續會"", ""expected"": ""webhook為真相；一次權益／票券；無超賣"", ""actual"": ""本次不執行付款"", ""result"": ""NOT_TESTED"", ""evidence_ids"": """", ""finding_ids"": ""F-AI14"", ""cleanup"": ""本次無業務資料修改；未測案例只清理自己owned隔離fixtures，不刪正式記錄。""}",fe92e533f8634f084b0105b3fb58b056d7091203,t14c-20261004-fe92e533,"Automatic remote webhook/real sender delivery, controlled Google/magic identity, cloud-worker windows and 3–5 human staff G5 remain unverified. Actual Stripe TEST receipts were signed CLI events held/forwarded/replayed by the owned loopback relay. Outbox ran with synthetic email test sink, not real recipient delivery. Partial refund NOT_APPLICABLE under existing full-only policy. No Production effects."
UC-33,T14C,F-AI14,退款與票券維護,Stripe TEST付款／退款fixtures,取消／全額退款／重播；重發票券,有權限及回執；退款與票券狀態一致,NOT_TESTED,PARTIAL_T14C_PG_NATIVE_REAL_STRIPE_TEST_VERIFIED,Actual isolated Neon/Auth; disposable PG16/all59; Chromium; hosted Stripe TEST; actual signed controlled CLI relay; test email sink,evidence/t14c/verification.json;evidence/t14c/stripe-test-provider.json;evidence/t14c/preview-runtime.json,"{""case_id"": ""UC-33"", ""goal"": ""退款與票券維護"", ""role"": ""財務職員"", ""preconditions_data"": ""Stripe TEST付款／退款fixtures"", ""steps"": ""取消／全額退款／重播；重發票券"", ""expected"": ""有權限及回執；退款與票券狀態一致"", ""actual"": ""本次不執行退款或寄票"", ""result"": ""NOT_TESTED"", ""evidence_ids"": """", ""finding_ids"": ""F-AI14"", ""cleanup"": ""本次無業務資料修改；未測案例只清理自己owned隔離fixtures，不刪正式記錄。""}",fe92e533f8634f084b0105b3fb58b056d7091203,t14c-20261004-fe92e533,"Automatic remote webhook/real sender delivery, controlled Google/magic identity, cloud-worker windows and 3–5 human staff G5 remain unverified. Actual Stripe TEST receipts were signed CLI events held/forwarded/replayed by the owned loopback relay. Outbox ran with synthetic email test sink, not real recipient delivery. Partial refund NOT_APPLICABLE under existing full-only policy. No Production effects."
UC-34,T06,F-AI06,AI SDK 7用量契約反證,鎖定7.0.37；實際adapter＋注入aggregate結果,2steps aggregate2200in/300out；跑隔離repro,紀錄2200／300；不誤修成舊版邏輯,PASS,PASS_ACTUAL_SDK_MOCK_HTTP_AGGREGATE_2200_300,owned disposable PostgreSQL16 + actual locked SDK synthetic HTTP; nonprimary Neon migration57; no real provider dispatch,evidence/t06/verification.json,"{""case_id"": ""UC-34"", ""goal"": ""AI SDK 7用量契約反證"", ""role"": ""工程"", ""preconditions_data"": ""鎖定7.0.37；實際adapter＋注入aggregate結果"", ""steps"": ""2steps aggregate2200in/300out；跑隔離repro"", ""expected"": ""紀錄2200／300；不誤修成舊版邏輯"", ""actual"": ""contract stub PASS；不是供應商SDK整合／帳單實測"", ""result"": ""PASS"", ""evidence_ids"": ""E02"", ""finding_ids"": ""F-AI06"", ""cleanup"": ""本次無業務資料修改；未測案例只清理自己owned隔離fixtures，不刪正式記錄。""}",fbd73047e1b4820e984f69a96d2a5ff14f0ef6d2,full-fix-t06-20261003,Actual provider bill/receipt remains blocked; T11 durable work/restart remains separate. Exact UC34 2200/300 rerun verified in uc34-safe.json.
UC-35,T14D;T16,F-AI14,sender已接受但斷線,sink與provider receipts,accepted後timeout；查看對帳再重試,unknown無盲送；確認已送不重覆,NOT_TESTED,PARTIAL_SQL48_NATIVE6_AND_TEST_SINK_PASS_EXTERNAL_RECEIPT_BLOCKED,Actual disposable PG59migrations; isolated Neon DB/Auth; native EN/HK390; explicit test sink; no live sends,evidence/t14d/verification.json,"{""case_id"": ""UC-35"", ""goal"": ""sender已接受但斷線"", ""role"": ""工程／營運"", ""preconditions_data"": ""sink與provider receipts"", ""steps"": ""accepted後timeout；查看對帳再重試"", ""expected"": ""unknown無盲送；確認已送不重覆"", ""actual"": ""待T14"", ""result"": ""NOT_TESTED"", ""evidence_ids"": """", ""finding_ids"": ""F-AI14"", ""cleanup"": ""本次無業務資料修改；未測案例只清理自己owned隔離fixtures，不刪正式記錄。""}",9603519ad40ddbb7228eb31c5984890e7eaa27b9,t14d-2026-10-04T06:47:32.158Z,"Synthetic callbacks/test sinks prove app state, not external receipt. Unknown provider effects require owner reconciliation; real sender/worker gates remain."
UC-36,T15;T18,F-AI11;F-AI14,390px／鍵盤覆核,preview有多筆草稿／batch,Tab、Shift-Tab、Esc、drawer及橫向表格,焦點可見及返回；必要資料可讀；axe嚴重0,NOT_TESTED,PARTIAL_T18_WORKSPACE_NATIVE_PASS_LINKED_SCOPE_PENDING,Confirmed isolated Neon DB/Auth59; exact28322fd3 Preview; real Chromium actual password identity; AI/sender effects closed,;evidence/t18/verification.json;evidence/t18/native-28322fd3-worker-0.json;operations-handbook.md,"{""case_id"": ""UC-36"", ""goal"": ""390px／鍵盤覆核"", ""role"": ""職員"", ""preconditions_data"": ""preview有多筆草稿／batch"", ""steps"": ""Tab、Shift-Tab、Esc、drawer及橫向表格"", ""expected"": ""焦點可見及返回；必要資料可讀；axe嚴重0"", ""actual"": ""本次僅桌面觀察"", ""result"": ""NOT_TESTED"", ""evidence_ids"": """", ""finding_ids"": ""F-AI11;F-AI14"", ""cleanup"": ""本次無業務資料修改；未測案例只清理自己owned隔離fixtures，不刪正式記錄。""}",28322fd3bbf65b2286d77e2fcda4c0ed04932766,T18-CI37164254853-NATIVE28322fd3,"; T18 verifies classified role search,51/101 workspace keysets, mine recovery, history links, EN/HK390 keyboard/axe0; does not establish segment/multi-review/sender/real Google/magic-link/provider/human3-5staff or full release acceptance."
UC-37,T15,F-AI14,香港／新加坡性能,preview相同fixtures及網絡設定,3冷3暖；再收RUM；記DB與API timings,量測LCP/INP/CLS及p95；私有資料不cache,NOT_TESTED,NOT_TESTED,按案例：隔離DB/Auth/TEST/sink/核准provider,,"{""case_id"": ""UC-37"", ""goal"": ""香港／新加坡性能"", ""role"": ""QA"", ""preconditions_data"": ""preview相同fixtures及網絡設定"", ""steps"": ""3冷3暖；再收RUM；記DB與API timings"", ""expected"": ""量測LCP/INP/CLS及p95；私有資料不cache"", ""actual"": ""iad1 metadata不等於量測慢"", ""result"": ""NOT_TESTED"", ""evidence_ids"": ""E01"", ""finding_ids"": ""F-AI14"", ""cleanup"": ""本次無業務資料修改；未測案例只清理自己owned隔離fixtures，不刪正式記錄。""}",,,
UC-38,T03;T11;T14D,F-AI03,批量提醒退訂競爭,已預覽50筆；發送前1筆撤回consent,commit；worker送達前重驗,撤回那筆skipped；其他逐筆一次,NOT_TESTED,PARTIAL_SQL48_NATIVE6_AND_TEST_SINK_PASS_EXTERNAL_RECEIPT_BLOCKED,Actual disposable PG59migrations; isolated Neon DB/Auth; native EN/HK390; explicit test sink; no live sends,evidence/t14d/verification.json,"{""case_id"": ""UC-38"", ""goal"": ""批量提醒退訂競爭"", ""role"": ""職員"", ""preconditions_data"": ""已預覽50筆；發送前1筆撤回consent"", ""steps"": ""commit；worker送達前重驗"", ""expected"": ""撤回那筆skipped；其他逐筆一次"", ""actual"": ""batch現時停用"", ""result"": ""NOT_TESTED"", ""evidence_ids"": ""E14"", ""finding_ids"": ""F-AI03"", ""cleanup"": ""本次無業務資料修改；未測案例只清理自己owned隔離fixtures，不刪正式記錄。""}",9603519ad40ddbb7228eb31c5984890e7eaa27b9,t14d-2026-10-04T06:47:32.158Z,"Synthetic callbacks/test sinks prove app state, not external receipt. Unknown provider effects require owner reconciliation; real sender/worker gates remain."
UC-39,T03,F-AI03,匯出安全與範圍,synthetic資料含=+-@開頭及跨角色資料,限定範圍匯出；開啟CSV；重覆下載,無formula injection；不跨權限；完整count,BLOCKED,ALL_EIGHT_OPERATIONS_50_500_5000_SQL_PASS,按案例：隔離DB/Auth/TEST/sink/核准provider,evidence/t03/batch-scale-matrix.json,"{""case_id"": ""UC-39"", ""goal"": ""匯出安全與範圍"", ""role"": ""職員"", ""preconditions_data"": ""synthetic資料含=+-@開頭及跨角色資料"", ""steps"": ""限定範圍匯出；開啟CSV；重覆下載"", ""expected"": ""無formula injection；不跨權限；完整count"", ""actual"": ""export batch未開放"", ""result"": ""BLOCKED"", ""evidence_ids"": ""E14"", ""finding_ids"": ""F-AI03"", ""cleanup"": ""本次無業務資料修改；未測案例只清理自己owned隔離fixtures，不刪正式記錄。""}",f73f66316836dea53193dc8aaf2a710d278afa39,,Actual repositories/full ledger56; synthetic fixtures only; draft/outbox effects are not external delivery.
UC-40,T12;T17,F-AI09;F-AI11,雙語內容與無自動發布,核准event date/fee/venue及中英原稿,AI起稿／翻譯→preview→核准,關鍵facts一致；不改published／票價；無MDX執行,NOT_TESTED,PARTIAL_T17_ISOLATED_VERIFIED_T12_AND_CONTENT_SIGNOFF_PENDING,owned disposable PG16 ledger59 + positively proven isolated actual Vercel Preview DB/Auth,;evidence/t17/verification.json;evidence/t17/browser.json;evidence/t17/public-extra.json,"{""case_id"": ""UC-40"", ""goal"": ""雙語內容與無自動發布"", ""role"": ""編輯職員"", ""preconditions_data"": ""核准event date/fee/venue及中英原稿"", ""steps"": ""AI起稿／翻譯→preview→核准"", ""expected"": ""關鍵facts一致；不改published／票價；無MDX執行"", ""actual"": ""只查閱現有活動維護，未改內容"", ""result"": ""NOT_TESTED"", ""evidence_ids"": ""E15;E16;E17"", ""finding_ids"": ""F-AI09;F-AI11"", ""cleanup"": ""本次無業務資料修改；未測案例只清理自己owned隔離fixtures，不刪正式記錄。""}",73272cc69ebc72bc8c552bb940b4a3eb6590c783,T17-native-73272cc6,"Actual private CMS CAS/publish/revert, Back/Forward/reload, denied storage/offline local editing, identity isolation, EN/HK14routes, demo/private exclusion and count semantics; not approved branding/policy, realGoogle/magic, failed offline server-save, T12 AI facts, or Production release."
AC-01,T00;T14A,F-AI14;O04,隔離與fresh identity,test Auth/DB marker及新Google身份,核對binding→登入→no-profile建檔,marker證明隔離;一個profile;role=member;非staff拒admin,NEW_CASE,NOT_TESTED,按案例：隔離DB/Auth/TEST/sink/核准provider,,,,,
AC-02,T14A,F-AI14;O04;O09,職員可發現及恢復登入,staff測試帳號;無session,footer→admin-login→電郵登入連結→深層案件,入口明確;staff回合法目的頁;一般會員沒有staff入口/權限,NEW_CASE,NOT_TESTED,按案例：隔離DB/Auth/TEST/sink/核准provider,,,,,
AC-03,T14A,F-AI14;O04,magic link負向與再寄,有效/過期/已用token;指定test收件者,發送→再寄節流→過期/重播→另一device,單次使用;不洩帳戶存在;清楚重寄/支援;不循環redirect,NEW_CASE,NOT_TESTED,按案例：隔離DB/Auth/TEST/sink/核准provider,,,,,
AC-04,T14A,F-AI14;O04,callback與身份連結,雙provider同email;unverified身份;惡意returnTo,登入/連結;測//evil與encoded path,不外跳;未驗email不自合併;不升staff;logout私有cache清除,NEW_CASE,NOT_TESTED,按案例：隔離DB/Auth/TEST/sink/核准provider,,,,,
AC-05,T09;T14B,F-AI11;F-AI14;O07,入會中斷與payment pending,draft/pending_payment/pending_review申請,雙submit→恢復→補件→付款pending,一次申請;已填不列缺件;pending不再次收款或先啟權益,NEW_CASE,PARTIAL_T14B_SOURCE_PG_NATIVE_HOSTED_STRIPE_TEST_PASS,Actual isolated Neon DB/Auth; nativeChromium; disposablePG16 all59; actualStripeTEST hosted payment plus controlled signed real-event replay; no Production,evidence/t09/native-combined-receipt.json;evidence/t09/verification.json;evidence/t14b/verification.json;evidence/t14b/native-1e9709ce-worker-0.json;evidence/t14b/stripe-test-provider.json,,1e9709cece93182b0be6b283a15904ef073610ce,t14b-20261004-source1e9709ce,"T09 actual view/rule/edit/reject/stale/note-adoption/filter-return/mobile/keyboard verified. No-profile join/resume, real Google/magic-link/model/payment/provider or Production acceptance not established by this receipt. T14B actual password signup/member-profile fixtures are not verified-email provisioning or Google/magic. UC32 event/renewal-provider/automatic remote webhook not yet verified. AC11 existing finite grants/5000renewal tested;1k/10kAI andG5windows/human acceptance remain. T09 original rule/case evidence retained."
AC-06,T03;T18,F-AI03;F-AI11;O02;O09,批次範圍及頁面狀態,101筆;兩頁;含無權資料,目前頁/全篩選→預覽→改filter→返回,snapshot固定;頁/全域明示;不跨權限;filter/sort位置保留,NEW_CASE,PARTIAL_T18_WORKSPACE_NATIVE_PASS_LINKED_SCOPE_PENDING,Confirmed isolated Neon DB/Auth59; exact28322fd3 Preview; real Chromium actual password identity; AI/sender effects closed,;evidence/t18/verification.json;evidence/t18/native-28322fd3-worker-0.json;operations-handbook.md,,28322fd3bbf65b2286d77e2fcda4c0ed04932766,T18-CI37164254853-NATIVE28322fd3,"; T18 verifies classified role search,51/101 workspace keysets, mine recovery, history links, EN/HK390 keyboard/axe0; does not establish segment/multi-review/sender/real Google/magic-link/provider/human3-5staff or full release acceptance."
AC-07,T03;T18,F-AI03;F-AI11;O10,batch競爭與segment分頁,100筆80eligible10optout5paid5conflict;51/101同sort,双commit;worker前變更;keyset全頁,唯一執行;逐筆reason;sender前重驗;分頁無重漏,NEW_CASE,PARTIAL_T18_WORKSPACE_NATIVE_PASS_LINKED_SCOPE_PENDING,Confirmed isolated Neon DB/Auth59; exact28322fd3 Preview; real Chromium actual password identity; AI/sender effects closed,;evidence/t18/verification.json;evidence/t18/native-28322fd3-worker-0.json;operations-handbook.md,,28322fd3bbf65b2286d77e2fcda4c0ed04932766,T18-CI37164254853-NATIVE28322fd3,"; T18 verifies classified role search,51/101 workspace keysets, mine recovery, history links, EN/HK390 keyboard/axe0; does not establish segment/multi-review/sender/real Google/magic-link/provider/human3-5staff or full release acceptance."
AC-08,T03,F-AI03;O02,CSV與私人匯出,重覆email/相似姓名/role注入/=+-@公式/無權欄,匯入preview→同檔重送→限定scope匯出,不自合併/升權/改consent;冪等;無formula injection;私有短效下載,NEW_CASE,NOT_TESTED,按案例：隔離DB/Auth/TEST/sink/核准provider,,,,,
AC-09,T06,F-AI06,最大預算並發與結算,20併發;多steps;cache/reasoning usage,reserve→發call→重複settle→overflow,sum不超允許預留;不重扣;不double count;超額如實記並停新call,NEW_CASE,PASS_ACTUAL_PG_AND_SDK_CONTRACT,owned disposable PostgreSQL16 + actual locked SDK synthetic HTTP; nonprimary Neon migration57; no real provider dispatch,evidence/t06/verification.json,,fbd73047e1b4820e984f69a96d2a5ff14f0ef6d2,full-fix-t06-20261003,Actual provider bill/receipt remains blocked; T11 durable work/restart remains separate. Exact UC34 2200/300 rerun verified in uc34-safe.json.
AC-10,T06;T11,F-AI06;F-AI10,provider受理後crash,durable request marker;provider receipt缺失,accepted後timeout/worker重啟/lease到期,unknown不TTL退款或自重跑;先對帳;不可宣稱exactly-once網絡,NEW_CASE,PARTIAL_T06_ACCEPTED_TIMEOUT_VERIFIED_T11_CRASH_GATE_REMAINS,owned disposable PostgreSQL16 + actual locked SDK synthetic HTTP; nonprimary Neon migration57; no real provider dispatch,evidence/t06/verification.json,,fbd73047e1b4820e984f69a96d2a5ff14f0ef6d2,full-fix-t06-20261003,Actual provider bill/receipt remains blocked; T11 durable work/restart remains separate. Exact UC34 2200/300 rerun verified in uc34-safe.json.
AC-11,T11;T14B;T15,F-AI10;F-AI14;O03;O12;O13,續會規模與權益期限,1k/10k;finite grant;paid/expired;HK月界,兩worker/跨日→續會→grant到期,keyset完整;bounded query;不回退/重複權益;有限期不變永久,NEW_CASE,PARTIAL_T14B_SOURCE_PG_NATIVE_HOSTED_STRIPE_TEST_PASS,Actual isolated Neon DB/Auth; nativeChromium; disposablePG16 all59; actualStripeTEST hosted payment plus controlled signed real-event replay; no Production,evidence/t14b/verification.json;evidence/t14b/native-1e9709ce-worker-0.json;evidence/t14b/stripe-test-provider.json,,1e9709cece93182b0be6b283a15904ef073610ce,t14b-20261004-source1e9709ce,T14B actual password signup/member-profile fixtures are not verified-email provisioning or Google/magic. UC32 event/renewal-provider/automatic remote webhook not yet verified. AC11 existing finite grants/5000renewal tested;1k/10kAI andG5windows/human acceptance remain. T09 original rule/case evidence retained.
AC-12,T07,F-AI07;F-AI08,知識撤回與角色隔離,staff/public政策;相同URL新舊版,公開檢索→撤回→cached draft讀取,未核准/過期/staff不進public prompt;既有draft stale;score非準確率,NEW_CASE,PARTIAL_KNOWLEDGE_RELEVANCE_AND_SQL_BOUNDARIES_PASS,actual isolated PostgreSQL16; unit/SDK offline fixtures; no actual model/provider acceptance,evidence/t07/verification.json,,a49e66296f4274b93b4fb8e89c64898a91c89e77,T07-final-url-ci6520-pg31-native29,Actual SQL and native Preview prove withdrawal/version and role scope. Durable stale drafts and final-body checks remain T08; real embedding/model/provider acceptance remains unverified. Latest source a49e6629: CI6520pass386skip0fail and native29; actual provider/model and T08 stale/body gates remain separate.
AC-13,T08;T13,F-AI07;F-AI09;F-AI12,模型正文與claims不一致,facts fee100/date11-01;claims正確body90,validate→嘗試review/採用,驗rendered body;拒不支持數字/承諾/URL;不僅驗JSON或自報claims,NEW_CASE,PARTIAL_FINAL_BODY_AND_ACTUAL_SQL_PASS_NATIVE_MODEL_PENDING; T08 actual native CAS/edit/stale/invalid final body/member denial/HK mobile44 passed; broader business/real-model requirements remain partial,Explicit unit doubles + actual owned PostgreSQL16; isolated Neon ledger59; native/full gates pending,evidence/t08/verification.json;evidence/t08/neon-migrate-safe.json;evidence/t08/native-review.json;evidence/t08/ci-final.json,,9cfb70ded53f7b3324da1bbb53bf78f018b32d86,T08-CI37152303723-NATIVE9cf,Deterministic body/CAS/history/work boundaries verified. Real provider/model and linked business/native acceptance remain pending; not full case closure.
AC-14,T08,F-AI09;F-AI11,雙人覆核及批准後改文,version1/相同facts;兩staff,同時approve→edit→send前policy變更,CAS只一個成功;edit清approval;stale不可採用;audit同transaction,NEW_CASE,PARTIAL_FINAL_BODY_AND_ACTUAL_SQL_PASS_NATIVE_MODEL_PENDING; T08 actual native CAS/edit/stale/invalid final body/member denial/HK mobile44 passed; broader business/real-model requirements remain partial,Explicit unit doubles + actual owned PostgreSQL16; isolated Neon ledger59; native/full gates pending,evidence/t08/verification.json;evidence/t08/neon-migrate-safe.json;evidence/t08/native-review.json;evidence/t08/ci-final.json,,9cfb70ded53f7b3324da1bbb53bf78f018b32d86,T08-CI37152303723-NATIVE9cf,Deterministic body/CAS/history/work boundaries verified. Real provider/model and linked business/native acceptance remain pending; not full case closure.
AC-15,T09;T14B,F-AI11;F-AI14;O07,案件owner與日常補件,不同owner與due;缺件規則,改owner/期限→AI摘要→核對→建補件稿,權限/版本驗;僅草稿;不改membership;時間線和下一步清楚,NEW_CASE,PARTIAL_T14B_SOURCE_PG_NATIVE_HOSTED_STRIPE_TEST_PASS,Actual isolated Neon DB/Auth; nativeChromium; disposablePG16 all59; actualStripeTEST hosted payment plus controlled signed real-event replay; no Production,evidence/t09/native-combined-receipt.json;evidence/t09/verification.json;evidence/t14b/verification.json;evidence/t14b/native-1e9709ce-worker-0.json;evidence/t14b/stripe-test-provider.json,,1e9709cece93182b0be6b283a15904ef073610ce,t14b-20261004-source1e9709ce,"T09 actual view/rule/edit/reject/stale/note-adoption/filter-return/mobile/keyboard verified. No-profile join/resume, real Google/magic-link/model/payment/provider or Production acceptance not established by this receipt. T14B actual password signup/member-profile fixtures are not verified-email provisioning or Google/magic. UC32 event/renewal-provider/automatic remote webhook not yet verified. AC11 existing finite grants/5000renewal tested;1k/10kAI andG5windows/human acceptance remain. T09 original rule/case evidence retained."
AC-16,T10,F-AI11,客服最小資料及採用,含PII/附件/退款指令的合成對話,摘要→起稿→編輯→採用→另發送,不自傳附件或全部PII;核准模型;採用不送;發送再驗渠道/consent,NEW_CASE,PARTIAL_T10_SOURCE_SQL_NATIVE_PASS_REAL_MODEL_AND_STAFF_GATE,"T10 actual disposable PG16/all59; isolated Neon/password Auth Chromium EN/HK390; synthetic offline drafts, no real AI model or send",;evidence/t10/verification.json;evidence/t10/native-current.json;evidence/t10/preview-runtime.json,,d060f42352f4d7919ded0663a33a993b6ee47afe,T10-native-current-and-PG21,"; T10 current facts/role/consent/window/CAS and encrypted recovery verified. Actual model-generated summary/reply and provider receipt remain T13; no real sends. T18 search and existing owner/reopen workflows retained with historical plus current full regression evidence.; Current Preview19 passed with2 actual EN/HK review/adoption cases,0effects; offline proposals clearly labelled."
AC-17,T10;T18,F-AI11;O09,global search与多選覆核,跨角色cases/相同kind valid及stale drafts,search→cursor→select→review,結果/count不洩漏;review逐筆版本/理由;多選不直接群發,NEW_CASE,PARTIAL_T10_SOURCE_SQL_NATIVE_PASS_REAL_MODEL_AND_STAFF_GATE,"T10 actual disposable PG16/all59; isolated Neon/password Auth Chromium EN/HK390; synthetic offline drafts, no real AI model or send",;evidence/t18/verification.json;evidence/t18/native-28322fd3-worker-0.json;operations-handbook.md;evidence/t10/verification.json;evidence/t10/native-current.json;evidence/t10/preview-runtime.json,,d060f42352f4d7919ded0663a33a993b6ee47afe,T10-native-current-and-PG21,"; T18 verifies classified role search,51/101 workspace keysets, mine recovery, history links, EN/HK390 keyboard/axe0; does not establish segment/multi-review/sender/real Google/magic-link/provider/human3-5staff or full release acceptance.; T10 current facts/role/consent/window/CAS and encrypted recovery verified. Actual model-generated summary/reply and provider receipt remain T13; no real sends. T18 search and existing owner/reopen workflows retained with historical plus current full regression evidence.; Current Preview19 passed with2 actual EN/HK review/adoption cases,0effects; offline proposals clearly labelled."
AC-18,T12;T17,F-AI09;F-AI11;F-AI14;O08,CMS中斷與私有草稿,中英draft;兩tab;published舊版,返回/刷新/斷網→conflict→publish,保留稿;不靜默覆蓋;private不進public/cache;publish需CAS/audit,NEW_CASE,PARTIAL_T17_ISOLATED_VERIFIED_T12_AND_CONTENT_SIGNOFF_PENDING,owned disposable PG16 ledger59 + positively proven isolated actual Vercel Preview DB/Auth,;evidence/t17/verification.json;evidence/t17/browser.json;evidence/t17/public-extra.json,,73272cc69ebc72bc8c552bb940b4a3eb6590c783,T17-native-73272cc6,"Actual private CMS CAS/publish/revert, Back/Forward/reload, denied storage/offline local editing, identity isolation, EN/HK14routes, demo/private exclusion and count semantics; not approved branding/policy, realGoogle/magic, failed offline server-save, T12 AI facts, or Production release."
AC-19,T12;T17,F-AI09;F-AI14;O01;O06;O14,內容真實性及雙語facts,核准活動facts/0分母/無比較期/demo,AI翻譯→preview→公開查閱,不改價格/日期/brand;不捏造增長;demo排除;links/source有依據,NEW_CASE,PARTIAL_T17_ISOLATED_VERIFIED_T12_AND_CONTENT_SIGNOFF_PENDING,owned disposable PG16 ledger59 + positively proven isolated actual Vercel Preview DB/Auth,;evidence/t17/verification.json;evidence/t17/browser.json;evidence/t17/public-extra.json,,73272cc69ebc72bc8c552bb940b4a3eb6590c783,T17-native-73272cc6,"Actual private CMS CAS/publish/revert, Back/Forward/reload, denied storage/offline local editing, identity isolation, EN/HK14routes, demo/private exclusion and count semantics; not approved branding/policy, realGoogle/magic, failed offline server-save, T12 AI facts, or Production release."
AC-20,T14C,F-AI14,活動競爭支付退款,最後1席兩人;Stripe TEST;晚到webhook,付款/取消/錯額/重播/亂序→退款→重发ticket,不超賣;回跳不標paid;一次票/權益;pending退款不當成功,NEW_CASE,PARTIAL_T14C_PG_NATIVE_REAL_STRIPE_TEST_VERIFIED,Actual isolated Neon/Auth; disposable PG16/all59; Chromium; hosted Stripe TEST; actual signed controlled CLI relay; test email sink,evidence/t14c/verification.json;evidence/t14c/stripe-test-provider.json;evidence/t14c/preview-runtime.json,,fe92e533f8634f084b0105b3fb58b056d7091203,t14c-20261004-fe92e533,"Automatic remote webhook/real sender delivery, controlled Google/magic identity, cloud-worker windows and 3–5 human staff G5 remain unverified. Actual Stripe TEST receipts were signed CLI events held/forwarded/replayed by the owned loopback relay. Outbox ran with synthetic email test sink, not real recipient delivery. Partial refund NOT_APPLICABLE under existing full-only policy. No Production effects."
AC-21,T14D,F-AI03;F-AI14;O11,sender復原與human takeover,approved test recipient;accepted-timeout;STOP,發送→timeout→status→對帳;重開同文reply,unknown不盲送;已送不重送;撤回跳過;正當新reply不被永久去重,NEW_CASE,PARTIAL_SQL48_NATIVE6_AND_TEST_SINK_PASS_EXTERNAL_RECEIPT_BLOCKED,Actual disposable PG59migrations; isolated Neon DB/Auth; native EN/HK390; explicit test sink; no live sends,evidence/t14d/verification.json,,9603519ad40ddbb7228eb31c5984890e7eaa27b9,t14d-2026-10-04T06:47:32.158Z,"Synthetic callbacks/test sinks prove app state, not external receipt. Unknown provider effects require owner reconciliation; real sender/worker gates remain."
AC-22,T13,F-AI12,真模型多次golden,60新golden+25舊;核准provider/budget,每route每新題3次→deterministic→人工評審,安全0;critical100%;grounded≥95%;JSON≥99%;分task/locale/CI/cost延遲,NEW_CASE,NOT_TESTED,按案例：隔離DB/Auth/TEST/sink/核准provider,,,,,
AC-23,T15,F-AI10;F-AI11;F-AI14,效能可用性與私有cache,1k/10k;1440/390px;HK/SG條件,3冷3暖→keyboard/screenreader→換user,bounded lists;原LH門檻;RUM另列;focus/error可達;無跨usercache,NEW_CASE,NOT_TESTED,按案例：隔離DB/Auth/TEST/sink/核准provider,,,,,
AC-24,T04;T16;T18,F-AI11;F-AI13;F-AI14,職員獨立SOP及release回退,3–5staff;2週baseline;2staff試點;owned cases,每日工作/失敗復原→一週試點→pause演練,可獨立完成關鍵任務;review/rework入分母;unknown不當0;不刪receipt或改mock假停機,NEW_CASE,PARTIAL_T18_WORKSPACE_NATIVE_PASS_LINKED_SCOPE_PENDING,Confirmed isolated Neon DB/Auth59; exact28322fd3 Preview; real Chromium actual password identity; AI/sender effects closed,staff-timing-sop.zh-HK.md;evidence/t04/verification.json;evidence/t18/verification.json;evidence/t18/native-28322fd3-worker-0.json;operations-handbook.md,,28322fd3bbf65b2286d77e2fcda4c0ed04932766,T18-CI37164254853-NATIVE28322fd3,"Only timing slice verified; full daily staff workflow and agreed baseline still required.; T18 verifies classified role search,51/101 workspace keysets, mine recovery, history links, EN/HK390 keyboard/axe0; does not establish segment/multi-review/sender/real Google/magic-link/provider/human3-5staff or full release acceptance."
