finding_id,audit_state,task_ids,case_ids,baseline_evidence,closure_criterion,code_state,isolated_verification,configuration_state,deployment_state,operational_state,new_evidence,owner,blocker,verified_sha,evidence_path
F-AI01,verified,T01;T16,UC-01;UC-02,E10;E11,配置缺失轉安全503;配置完成後成功;人工fallback,SAFE_FAILURE_FIXED,91_FOCUSED_AND_8_NATIVE_FAILURE_CASES_PASS,Confirmed isolated Preview ledger61 unchanged. Production concierge secret absent; disabled AI runtime verified. Production ledger URL redacted; capability flags/credentials/approvals remain separately gated.,Application code observed on Production ed550b96/dpl_7kPgC4PcwHcP6Q9fWFaVTYgkvVFV via existing redeploy; this execution performed no deployment. Safe disabled concierge/anonymous reads verified separately; task-specific capability/identity/provider/worker gates remain.,TASK_SCOPED_EXTERNAL_GATES_REMAIN,"Safe 503 before effects; missing/disabled modes preserve question and localized manual links, zero AI/task writes; final native contrast, stacking, keyboard and axe checks passed. Production EN/HK1440/390 safe503 AI_DISABLED preserves question/manual paths; configured grounded answer not tested.",按任務及decision register,"T01: Configured provider success/Production secret verification require capability-specific configuration; not claimed by mock service boundary tests | T16: Release/DB/worker/Auth/AI-data/Finance/Messaging/WTIA operations: exact gates and owners in rollout.md/release-manifest.json. No current Production deployment/migration/capability authorization; cloud windows, real identities/providers, human/regional and pilot remain. | Fresh Production readback: independent CONCIERGE_COOKIE_SECRET absent; deploy safe503 source and validate configured recovery only with scope authorization.",2c992618c5c737b98d911c086195db312a21de6f,evidence/t01/verification.json;evidence/t16/production-readback.json;evidence/t16/ci-source-946.json;evidence/t16/preview-runtime.json;evidence/t16/production-20261005/deployment.json;evidence/t16/production-20261005/browser-final.json
F-AI02,live-only/unknown,T02;T14D;T16,UC-03;UC-04,E04,17工作逐項狀態;啟用項兩窗口verified,REASON_AND_COUNTER_BOUNDARIES_FIXED,21_UNIT_AND_7_REAL_DB_PASS,Confirmed isolated Preview ledger61 unchanged. Production concierge secret absent; disabled AI runtime verified. Production ledger URL redacted; capability flags/credentials/approvals remain separately gated.,Application code observed on Production ed550b96/dpl_7kPgC4PcwHcP6Q9fWFaVTYgkvVFV via existing redeploy; this execution performed no deployment. Safe disabled concierge/anonymous reads verified separately; task-specific capability/identity/provider/worker gates remain.,TASK_SCOPED_EXTERNAL_GATES_REMAIN,"Wrong-version/corrupt receipts are degraded; no receipt unknown with null counters; real repository fencing and accepted-timeout preserved; T14D actualPG48: consent/facts freshness, unique echo correlation, unknown held before retry/expired lease/new-key escape, manual/bulk pass outbox and pause/resume.",按任務及decision register,"T02: Platform owner: isolated cloud worker APP_URL, service credential/binding and pinned app/worker revision; two real cron-window receipts for each enabled job. Existing acceptance WORKER_JOB_ALLOWLIST=none does not establish active scheduling. | T14D: Real approved-recipient provider receipts and pinned isolated worker service binding/two scheduled windows; no Production release | T16: Release/DB/worker/Auth/AI-data/Finance/Messaging/WTIA operations: exact gates and owners in rollout.md/release-manifest.json. No current Production deployment/migration/capability authorization; cloud windows, real identities/providers, human/regional and pilot remain.",2c992618c5c737b98d911c086195db312a21de6f,evidence/t14d/verification.json;evidence/t16/production-readback.json;evidence/t16/ci-source-946.json;evidence/t16/preview-runtime.json;evidence/t16/production-20261005/deployment.json;evidence/t16/production-20261005/browser-final.json
F-AI03,verified disabled,T03;T11;T14D;T18;T16,UC-05;UC-06;UC-07;UC-08;UC-38;UC-39;AC-06;AC-07;AC-08,E08;E14,逐operation readiness;preview snapshot;safe retry,LINKED_SOURCE_IMPLEMENTED_REGRESSION_VERIFIED_EXTERNAL_GATES,"23_EXISTING_SQL_REGRESSIONS_1_FIXED100_24_SCALE_CASES_PASS; T18 focused174 inclPG20; full6632pass442skip; source283 CI all7/worker57; native17entry+9actual password/browser cases, EN/HK390/keyboard/axe0, five kinds and51/101 workspace pagination, 0effects",Confirmed isolated Preview ledger61 unchanged. Production concierge secret absent; disabled AI runtime verified. Production ledger URL redacted; capability flags/credentials/approvals remain separately gated.,Application code observed on Production ed550b96/dpl_7kPgC4PcwHcP6Q9fWFaVTYgkvVFV via existing redeploy; this execution performed no deployment. Safe disabled concierge/anonymous reads verified separately; task-specific capability/identity/provider/worker gates remain.,TASK_SCOPED_EXTERNAL_GATES_REMAIN,"100 pinned renewal targets: 80 review-required drafts; consent 10, renewed facts 5 and version changes 5 skipped; concurrent commit exactly once; no queue/send.; Current DB-role search fencing; minimal labels/system destinations, private agent threads excluded; mine empty to unassigned; daily SOP with explicit unknown recovery.; T14D actualPG48: consent/facts freshness, unique echo correlation, unknown held before retry/expired lease/new-key escape, manual/bulk pass outbox and pause/resume. Final T14D SQL48/native6/Preview17/full6657pass519skip0fail/sourceall7/worker57 verified; external-provider/G5 gates still open.; T11 bounded100/limit101 on1k/10k, DB grouping/collation and pending SQL, pre-call durable work/cross-day unknown, whole-body facts and current-consent human approve; PG61/native2/Preview19/CI6698pass555skip0fail; no sends.",按任務及decision register,"T03: Cloud operation readiness/release remain gated by T02; no real sender acceptance from draft or outbox tests. | T11: AI/Data/Finance approved administrative model/data/credential/caps/real receipts; Platform pinned isolated worker service/two actual windows; G5 human pilot and capability release approval. | T14D: Real approved-recipient provider receipts and pinned isolated worker service binding/two scheduled windows; no Production release | T18: Operations/QA: 3-5 actual human staff pilot, actual identity/provider/scoped worker windows and capability release; independent T10/T14/T17 engineering already verified. | T16: Release/DB/worker/Auth/AI-data/Finance/Messaging/WTIA operations: exact gates and owners in rollout.md/release-manifest.json. No current Production deployment/migration/capability authorization; cloud windows, real identities/providers, human/regional and pilot remain.",894e923bdfa71005f6e126690ceb53f8a137f61c,evidence/t03/verification.json;evidence/t18/verification.json;evidence/t18/native-28322fd3-worker-0.json;evidence/t14d/verification.json;evidence/t11/verification.json;evidence/t16/production-readback.json;evidence/t16/ci-source-946.json;evidence/t16/preview-runtime.json;evidence/t16/production-20261005/deployment.json;evidence/t16/production-20261005/browser-final.json
F-AI04,adoption decision,T05;T16,UC-09,W01;W02;E20,用途/資料政策確認;未核准Go保持off或明確不採用,REGISTRY_AND_DISABLED_ADOPTION_GUARD_IMPLEMENTED,209_FOCUSED_PASS_3_MOCK_SDK_PROTOCOLS,Confirmed isolated Preview ledger61 unchanged. Production concierge secret absent; disabled AI runtime verified. Production ledger URL redacted; capability flags/credentials/approvals remain separately gated.,Application code observed on Production ed550b96/dpl_7kPgC4PcwHcP6Q9fWFaVTYgkvVFV via existing redeploy; this execution performed no deployment. Safe disabled concierge/anonymous reads verified separately; task-specific capability/identity/provider/worker gates remain.,TASK_SCOPED_EXTERNAL_GATES_REMAIN,Real SDK mock HTTP protocols/tools/aggregate usage; original 7+2+1 behavior RED then GREEN; no external provider receipt.,按任務及decision register,"T05: OpenCode admin purpose/model data policy unapproved; adapter disabled. Real provider receipt not claimed. | T16: Release/DB/worker/Auth/AI-data/Finance/Messaging/WTIA operations: exact gates and owners in rollout.md/release-manifest.json. No current Production deployment/migration/capability authorization; cloud windows, real identities/providers, human/regional and pilot remain.",d1d40fb2786cbefdfdbc353ba2d8e131c1154eb3,evidence/t05/verification.json;evidence/t16/production-readback.json;evidence/t16/ci-source-946.json;evidence/t16/preview-runtime.json;evidence/t16/production-20261005/deployment.json;evidence/t16/production-20261005/browser-final.json
F-AI05,code-only,T05,UC-10,source/lib/ai/provider.ts,server白名單/protocol/capability;保留guards,REGISTRY_AND_DISABLED_ADOPTION_GUARD_IMPLEMENTED,209_FOCUSED_PASS_3_MOCK_SDK_PROTOCOLS,Confirmed isolated Preview ledger61 unchanged. Production concierge secret absent; disabled AI runtime verified. Production ledger URL redacted; capability flags/credentials/approvals remain separately gated.,Application code observed on Production ed550b96/dpl_7kPgC4PcwHcP6Q9fWFaVTYgkvVFV via existing redeploy; this execution performed no deployment. Safe disabled concierge/anonymous reads verified separately; task-specific capability/identity/provider/worker gates remain.,TASK_SCOPED_EXTERNAL_GATES_REMAIN,Real SDK mock HTTP protocols/tools/aggregate usage; original 7+2+1 behavior RED then GREEN; no external provider receipt.,按任務及decision register,T05: OpenCode admin purpose/model data policy unapproved; adapter disabled. Real provider receipt not claimed.,d1d40fb2786cbefdfdbc353ba2d8e131c1154eb3,evidence/t05/verification.json;evidence/t16/production-readback.json;evidence/t16/ci-source-946.json;evidence/t16/preview-runtime.json;evidence/t16/production-20261005/deployment.json;evidence/t16/production-20261005/browser-final.json
F-AI06,code-only,T06;T13,UC-11;UC-12;UC-34;AC-09;AC-10,E02,原子預留與unknown對帳;usage不誤修,FIXED_FULL_GATES_PASS,16_ACTUAL_PG_PASS_PLUS_SDK_CONTRACTS,Confirmed isolated Preview ledger61 unchanged. Production concierge secret absent; disabled AI runtime verified. Production ledger URL redacted; capability flags/credentials/approvals remain separately gated.,Application code observed on Production ed550b96/dpl_7kPgC4PcwHcP6Q9fWFaVTYgkvVFV via existing redeploy; this execution performed no deployment. Safe disabled concierge/anonymous reads verified separately; task-specific capability/identity/provider/worker gates remain.,TASK_SCOPED_EXTERNAL_GATES_REMAIN,evidence/t06/verification.json;evidence/t06/preview-runtime-safe.json;evidence/t06/merge.json; T13 deterministic grader/offline70x3/old25 and bounded live admission implemented; no real model/spend/provider/human signoff.,AI service / finance owner,"T06: AI service/finance owner: approved administrative test credential and run/day/month caps; real provider receipt still required. Production migration/release remain task-scoped gates. | T13: Policy/data/provider owner: explicit approved administrative tasks, isolated ledger/caps, provider key and paid total limit; first-party pricing verification; two independent blind reviewers. Live CLI denied pre-execution by auto-review; no provider acceptance.",fbd73047e1b4820e984f69a96d2a5ff14f0ef6d2,evidence/t06/verification.json;evidence/t13/verification.json;evidence/t16/production-readback.json;evidence/t16/ci-source-946.json;evidence/t16/preview-runtime.json;evidence/t16/production-20261005/deployment.json;evidence/t16/production-20261005/browser-final.json
F-AI07,code-only,T07;T08;T13,UC-13;UC-14;UC-16;AC-12;AC-13,source/lib/ai/agents/concierge.ts,相似度不代表正確;rendered claims有來源,LINKED_SOURCE_IMPLEMENTED_REGRESSION_VERIFIED_EXTERNAL_GATES,"PARTIAL_PG30_FOCUSED510_PASS; T08 exact9cf CI6567pass416skip/worker57, actualPG30, native17+12/mobile44; real generation/provider pending",Confirmed isolated Preview ledger61 unchanged. Production concierge secret absent; disabled AI runtime verified. Production ledger URL redacted; capability flags/credentials/approvals remain separately gated.,Application code observed on Production ed550b96/dpl_7kPgC4PcwHcP6Q9fWFaVTYgkvVFV via existing redeploy; this execution performed no deployment. Safe disabled concierge/anonymous reads verified separately; task-specific capability/identity/provider/worker gates remain.,TASK_SCOPED_EXTERNAL_GATES_REMAIN,T08 deterministic final body; actual SQL CAS/current facts/append-only history/receipt fencing; not provider acceptance; T13 deterministic grader/offline70x3/old25 and bounded live admission implemented; no real model/spend/provider/human signoff.,Engineering / content policy owner / AI service owner,"T07: AI/Data/Finance: approved embedding/provider purpose, data handling, credential and spend; actual embedding/model receipts under T13; Production release and human pilot. | T08: AI/Data/Finance: actual approved model/provider acceptance under T13, versioned data governance and capability-specific Production authorization; business source/readers T09-T12 implemented separately. | T13: Policy/data/provider owner: explicit approved administrative tasks, isolated ledger/caps, provider key and paid total limit; first-party pricing verification; two independent blind reviewers. Live CLI denied pre-execution by auto-review; no provider acceptance.",9cfb70ded53f7b3324da1bbb53bf78f018b32d86,evidence/t08/verification.json;evidence/t08/ci-final.json;evidence/t08/native-review.json;evidence/t13/verification.json;evidence/t16/production-readback.json;evidence/t16/ci-source-946.json;evidence/t16/preview-runtime.json;evidence/t16/production-20261005/deployment.json;evidence/t16/production-20261005/browser-final.json
F-AI08,code-only,T07,UC-15;UC-17;AC-12,source/lib/db/repos/kb-documents.ts,approved/version/effective/audience;撤回stale,GOVERNED_KNOWLEDGE_SOURCE_IMPLEMENTED,FULL_CI6520_PG31_NATIVE29_PASS_PROVIDER_POLICY_GATES,Confirmed isolated Preview ledger61 unchanged. Production concierge secret absent; disabled AI runtime verified. Production ledger URL redacted; capability flags/credentials/approvals remain separately gated.,Application code observed on Production ed550b96/dpl_7kPgC4PcwHcP6Q9fWFaVTYgkvVFV via existing redeploy; this execution performed no deployment. Safe disabled concierge/anonymous reads verified separately; task-specific capability/identity/provider/worker gates remain.,TASK_SCOPED_EXTERNAL_GATES_REMAIN,evidence/t07/verification.json,Engineering / content policy owner / AI service owner,"T07: AI/Data/Finance: approved embedding/provider purpose, data handling, credential and spend; actual embedding/model receipts under T13; Production release and human pilot.",a49e66296f4274b93b4fb8e89c64898a91c89e77,evidence/t07/verification.json;evidence/t16/production-readback.json;evidence/t16/ci-source-946.json;evidence/t16/preview-runtime.json;evidence/t16/production-20261005/deployment.json;evidence/t16/production-20261005/browser-final.json
F-AI09,code-only,T08;T11;T12;T13,UC-14;UC-18;UC-19;UC-20;UC-40;AC-13;AC-14,source/lib/ai/board-reporter/contracts.ts,JSON與正文facts皆驗;不自動effect,LINKED_SOURCE_IMPLEMENTED_REGRESSION_VERIFIED_EXTERNAL_GATES,T12_SQL_NATIVE_PREVIEW_SOURCE_CI_PASS_REAL_PROVIDER_GATES,Confirmed isolated Preview ledger61 unchanged. Production concierge secret absent; disabled AI runtime verified. Production ledger URL redacted; capability flags/credentials/approvals remain separately gated.,Application code observed on Production ed550b96/dpl_7kPgC4PcwHcP6Q9fWFaVTYgkvVFV via existing redeploy; this execution performed no deployment. Safe disabled concierge/anonymous reads verified separately; task-specific capability/identity/provider/worker gates remain.,TASK_SCOPED_EXTERNAL_GATES_REMAIN,"T08 deterministic final body; actual SQL CAS/current facts/append-only history/receipt fencing; not provider acceptance; T11 bounded100/limit101 on1k/10k, DB grouping/collation and pending SQL, pre-call durable work/cross-day unknown, whole-body facts and current-consent human approve; PG61/native2/Preview19/CI6698pass555skip0fail; no sends.; T12 grounded bilingual board + typed current event/news facts, private review/copy-only dirty-safe adoption; actualPG68/native2 Preview23/sourceCI6719/562/0/worker57; no model dispatch.; T13 deterministic grader/offline70x3/old25 and bounded live admission implemented; no real model/spend/provider/human signoff.",按任務及decision register,"T08: AI/Data/Finance: actual approved model/provider acceptance under T13, versioned data governance and capability-specific Production authorization; business source/readers T09-T12 implemented separately. | T11: AI/Data/Finance approved administrative model/data/credential/caps/real receipts; Platform pinned isolated worker service/two actual windows; G5 human pilot and capability release approval. | T12: T13 approved administrative model/data/test credential/caps and real receipts; independent human content signoff/pilot and capability release. No automatic publication. | T13: Policy/data/provider owner: explicit approved administrative tasks, isolated ledger/caps, provider key and paid total limit; first-party pricing verification; two independent blind reviewers. Live CLI denied pre-execution by auto-review; no provider acceptance.",d348c5e4d9bfa1d15b8aa657428803dd65a67f35,evidence/t08/verification.json;evidence/t08/ci-final.json;evidence/t08/native-review.json;evidence/t11/verification.json;evidence/t12/verification.json;evidence/t13/verification.json;evidence/t16/production-readback.json;evidence/t16/ci-source-946.json;evidence/t16/preview-runtime.json;evidence/t16/production-20261005/deployment.json;evidence/t16/production-20261005/browser-final.json
F-AI10,code-only,T11;T15,UC-21;UC-22;AC-10;AC-11;AC-23,source/lib/db/repos/retention-analyst.ts,bounded SQL;durable claim;unknown不重call,FIXED_BOUNDED_DURABLE_T11,PASS_SQL15_1K_10K_NATIVE2_PREVIEW19_CURRENT_CI;T15_SQL38_NATIVE12_LH10_PASS,Confirmed isolated Preview ledger61 unchanged. Production concierge secret absent; disabled AI runtime verified. Production ledger URL redacted; capability flags/credentials/approvals remain separately gated.,Application code observed on Production ed550b96/dpl_7kPgC4PcwHcP6Q9fWFaVTYgkvVFV via existing redeploy; this execution performed no deployment. Safe disabled concierge/anonymous reads verified separately; task-specific capability/identity/provider/worker gates remain.,TASK_SCOPED_EXTERNAL_GATES_REMAIN,"; T11 bounded100/limit101 on1k/10k, DB grouping/collation and pending SQL, pre-call durable work/cross-day unknown, whole-body facts and current-consent human approve; PG61/native2/Preview19/CI6698pass555skip0fail; no sends.; T15 bounded SQL38/native12/EN-HK390-1440/keyboard/private actor switch/axe0/LH10 original thresholds PASS; source CI6771pass590guardedskip, worker57; no region/RUM/human/provider closure.",按任務及decision register,"T11: AI/Data/Finance approved administrative model/data/credential/caps/real receipts; Platform pinned isolated worker service/two actual windows; G5 human pilot and capability release approval. | T15: QA/WTIA operations: controlled HK/SG3cold3warm, RUM, real screen reader and3-5staff tasks; no lab-to-region/Production claim. Approved real model/provider and scoped cloud worker remain separate gates.",145443b69df74ad2f70af172c310d10e05803220,;evidence/t11/verification.json;evidence/t15/verification.md;evidence/t15/ci-source.json;evidence/t15/lighthouse-final-scores.json;evidence/t15/preview-runtime.json;evidence/t16/production-readback.json;evidence/t16/ci-source-946.json;evidence/t16/preview-runtime.json;evidence/t16/production-20261005/deployment.json;evidence/t16/production-20261005/browser-final.json
F-AI11,UI/code improvement,T08;T09;T10;T11;T12;T18;T15,UC-23;UC-24;UC-25;UC-36;UC-40;AC-15;AC-16;AC-17;AC-24,E03;E05;E06;E09,整合原工作台;role search;獨立SOP,LINKED_SOURCE_IMPLEMENTED_REGRESSION_VERIFIED_EXTERNAL_GATES,T12_SQL_NATIVE_PREVIEW_SOURCE_CI_PASS_REAL_PROVIDER_GATES;T15_SQL38_NATIVE12_LH10_PASS,Confirmed isolated Preview ledger61 unchanged. Production concierge secret absent; disabled AI runtime verified. Production ledger URL redacted; capability flags/credentials/approvals remain separately gated.,Application code observed on Production ed550b96/dpl_7kPgC4PcwHcP6Q9fWFaVTYgkvVFV via existing redeploy; this execution performed no deployment. Safe disabled concierge/anonymous reads verified separately; task-specific capability/identity/provider/worker gates remain.,TASK_SCOPED_EXTERNAL_GATES_REMAIN,"T08 deterministic final body; actual SQL CAS/current facts/append-only history/receipt fencing; not provider acceptance; T09 current form rules + fact-bound runtime and note-only atomic case adoption; no lifecycle/payment/send writes.; Current DB-role search fencing; minimal labels/system destinations, private agent threads excluded; mine empty to unassigned; daily SOP with explicit unknown recovery.; T10 actualPG21, bilingual native2 and exactCI/full6683/540/0: minimized support context, keyset101/filter-scoped queue, version/CAS partial review, explicit adoption with0outbound, encrypted deletion/logout/new-session recovery. T11/T12 and real model/staff pilot remain separate.; exact Previewd060/dplELFx19checks incl2 actual EN/HK review→adopt0outbound, encrypted deletion/390/axe0.; T11 bounded100/limit101 on1k/10k, DB grouping/collation and pending SQL, pre-call durable work/cross-day unknown, whole-body facts and current-consent human approve; PG61/native2/Preview19/CI6698pass555skip0fail; no sends.; T12 grounded bilingual board + typed current event/news facts, private review/copy-only dirty-safe adoption; actualPG68/native2 Preview23/sourceCI6719/562/0/worker57; no model dispatch.; T15 bounded SQL38/native12/EN-HK390-1440/keyboard/private actor switch/axe0/LH10 original thresholds PASS; source CI6771pass590guardedskip, worker57; no region/RUM/human/provider closure.",按任務及decision register,"T08: AI/Data/Finance: actual approved model/provider acceptance under T13, versioned data governance and capability-specific Production authorization; business source/readers T09-T12 implemented separately. | T09: AI/data/finance owner: versioned application model route/data approval, controlled real test-model credential and run/day/month caps; T13 real wording/cost receipts. Google/magic-link, worker windows and no-profile journeys remain separate tasks. | T10: AI/data/finance owner: approved administrative model/data/test credential and run/day/month caps plus real model receipts under T13. Platform/identity/operations gates remain separate; Production retention requires owner policy and capability release approval. | T11: AI/Data/Finance approved administrative model/data/credential/caps/real receipts; Platform pinned isolated worker service/two actual windows; G5 human pilot and capability release approval. | T12: T13 approved administrative model/data/test credential/caps and real receipts; independent human content signoff/pilot and capability release. No automatic publication. | T18: Operations/QA: 3-5 actual human staff pilot, actual identity/provider/scoped worker windows and capability release; independent T10/T14/T17 engineering already verified. | T15: QA/WTIA operations: controlled HK/SG3cold3warm, RUM, real screen reader and3-5staff tasks; no lab-to-region/Production claim. Approved real model/provider and scoped cloud worker remain separate gates.",145443b69df74ad2f70af172c310d10e05803220,evidence/t08/verification.json;evidence/t08/ci-final.json;evidence/t08/native-review.json;evidence/t09/verification.json;evidence/t09/native-combined-receipt.json;evidence/t18/verification.json;evidence/t18/native-28322fd3-worker-0.json;evidence/t10/verification.json;evidence/t11/verification.json;evidence/t12/verification.json;evidence/t15/verification.md;evidence/t15/ci-source.json;evidence/t15/lighthouse-final-scores.json;evidence/t15/preview-runtime.json;evidence/t16/production-readback.json;evidence/t16/ci-source-946.json;evidence/t16/preview-runtime.json;evidence/t16/production-20261005/deployment.json;evidence/t16/production-20261005/browser-final.json
F-AI12,blocked/not-tested,T13,UC-26;UC-27;AC-22,E01;E10;E11,新60題×3與舊25;真provider結果不混mock,GRADER_AND_EVAL_TOOL_IMPLEMENTED_REAL_MODEL_GATE,29FOCUSED + OFFLINE70x3/LEGACY25; EXACT_CI6748PASS562SKIP0FAIL/WORKER57/ALL7,Confirmed isolated Preview ledger61 unchanged. Production concierge secret absent; disabled AI runtime verified. Production ledger URL redacted; capability flags/credentials/approvals remain separately gated.,Application code observed on Production ed550b96/dpl_7kPgC4PcwHcP6Q9fWFaVTYgkvVFV via existing redeploy; this execution performed no deployment. Safe disabled concierge/anonymous reads verified separately; task-specific capability/identity/provider/worker gates remain.,TASK_SCOPED_EXTERNAL_GATES_REMAIN,Observed six hard RED failures then GREEN; unknown total-budget hold/no TTL refund; no unknown mode dispatch; missing subgroups and bare human flag cannot release; offline cost null.,按任務及decision register,"T13: Policy/data/provider owner: explicit approved administrative tasks, isolated ledger/caps, provider key and paid total limit; first-party pricing verification; two independent blind reviewers. Live CLI denied pre-execution by auto-review; no provider acceptance.",11133bb24eaa39dc79ded83955a4fcb2a6f49aff,evidence/t13/verification.json;evidence/t13/live-gate.json;evidence/t13/ci-final.json;evidence/t16/production-readback.json;evidence/t16/ci-source-946.json;evidence/t16/preview-runtime.json;evidence/t16/production-20261005/deployment.json;evidence/t16/production-20261005/browser-final.json
F-AI13,verified methodology gap,T04;T18;T16,UC-28;AC-24,E12,baseline/review/rework/all cases;unknown非0,RECORDED_POPULATION_IMMUTABLE_TIMING_IMPLEMENTED,"154_FOCUSED_9_ACTUAL_DB_5_NATIVE_PASS; T18 focused174 inclPG20; full6632pass442skip; source283 CI all7/worker57; native17entry+9actual password/browser cases, EN/HK390/keyboard/axe0, five kinds and51/101 workspace pagination, 0effects; T04 correction166focused / 4actualPG16 / 9isolatedNeon; final5PG16/9Neon/5native/6771full CI596skip/worker57",Confirmed isolated Preview ledger61 unchanged. Production concierge secret absent; disabled AI runtime verified. Production ledger URL redacted; capability flags/credentials/approvals remain separately gated.,Application code observed on Production ed550b96/dpl_7kPgC4PcwHcP6Q9fWFaVTYgkvVFV via existing redeploy; this execution performed no deployment. Safe disabled concierge/anonymous reads verified separately; task-specific capability/identity/provider/worker gates remain.,TASK_SCOPED_EXTERNAL_GATES_REMAIN,"Content-free audit timing, exclusive periods, receipt/actor fencing; immutable server-derived manual baseline digest and weighted sample difference; unknown and negative savings preserved.; Current DB-role search fencing; minimal labels/system destinations, private agent threads excluded; mine empty to unassigned; daily SOP with explicit unknown recovery.",按任務及decision register,"T04: Operations + QA: agreed recorded-platform comparison scope, off-platform manual work collection and actual two-week human baseline; no operating ROI inferred. | T18: Operations/QA: 3-5 actual human staff pilot, actual identity/provider/scoped worker windows and capability release; independent T10/T14/T17 engineering already verified. | T16: Release/DB/worker/Auth/AI-data/Finance/Messaging/WTIA operations: exact gates and owners in rollout.md/release-manifest.json. No current Production deployment/migration/capability authorization; cloud windows, real identities/providers, human/regional and pilot remain.",946bad06a41f09939c779709d7e31951617ffce6,evidence/t04/verification.json;evidence/t18/verification.json;evidence/t18/native-28322fd3-worker-0.json;evidence/t04/population-verification.json;evidence/t04/population-postgres.json;evidence/t16/production-readback.json;evidence/t16/ci-source-946.json;evidence/t16/preview-runtime.json;evidence/t16/production-20261005/deployment.json;evidence/t16/production-20261005/browser-final.json
F-AI14,not-tested,T14A;T14B;T14C;T14D;T15;T17;T16,UC-29;UC-30;UC-31;UC-32;UC-33;UC-35;UC-36;UC-37;UC-40;AC-01;AC-02;AC-03;AC-04;AC-05;AC-20;AC-21;AC-23,E01;historical-release-readiness,新登入/會員/活動/金流/送達/效能完整回歸,PARTIAL_ENGINEERING_VERIFIED_EXISTING_POLICY_PRESERVED,PARTIAL_T14B_NATIVE4_HOSTED_STRIPE_TEST_PG13_NEON28_GRANTS18; T17_PG14_FOCUSED73_NATIVE8_PLUS_PUBLIC_EXTRA; T14C_FOCUSED171_PG23_NATIVE4_HOSTED_STRIPE_TEST9_CALLBACK12;T15_SQL38_NATIVE12_LH10_PASS,Confirmed isolated Preview ledger61 unchanged. Production concierge secret absent; disabled AI runtime verified. Production ledger URL redacted; capability flags/credentials/approvals remain separately gated.,Application code observed on Production ed550b96/dpl_7kPgC4PcwHcP6Q9fWFaVTYgkvVFV via existing redeploy; this execution performed no deployment. Safe disabled concierge/anonymous reads verified separately; task-specific capability/identity/provider/worker gates remain.,TASK_SCOPED_EXTERNAL_GATES_REMAIN,"T14B13actualPG/28actualNeon/18grant boundaries; native4+hostedStripeTEST; stale engagement/owned completed-return repaired; T17 paired company-logo archive/race fix: realPG RED2→5green/mutation2;focused73(actualPG14);full6637/460skip;actualCMS/private/history six flows+EN/HKpublic2; private/published CAS audit revert; actual demo/list/detail/sitemap exclusion and distinct counts; 1443-field signoff ledger. T14C locked receipt amount/currency/order and correlated expiry RED6→PG11/mutation6; provider-confirmed cookie recovery RED2/provider-guard5→route17/mutation2; final focused171, native4, hostedStripeTEST9/signed12 and full6652/471skip.; T14D actualPG48: consent/facts freshness, unique echo correlation, unknown held before retry/expired lease/new-key escape, manual/bulk pass outbox and pause/resume. Final T14D SQL48/native6/Preview17/full6657pass519skip0fail/sourceall7/worker57 verified; external-provider/G5 gates still open.; T15 bounded SQL38/native12/EN-HK390-1440/keyboard/private actor switch/axe0/LH10 original thresholds PASS; source CI6771pass590guardedskip, worker57; no region/RUM/human/provider closure.",按任務及decision register,"T14A: Identity owner: approved synthetic Google account and controlled mailbox receiving actual magic links; challenge completion and valid/expired/replay/cross-device receipts remain required. Provider config was read, not provider acceptance. | T14B: Identity owner: controlled Google/test mailbox and verified-email no-profile; Stripe automatic remote webhook/renewal provider; G5 worker/sender/human staff; association policies unchanged. | T14C: Automatic remote webhook/real sender delivery, controlled Google/magic identity, cloud-worker windows and 3–5 human staff G5 remain unverified. Actual Stripe TEST receipts were signed CLI events held/forwarded/replayed by the owned loopback relay. Outbox ran with synthetic email test sink, not real recipient delivery. Partial refund NOT_APPLICABLE under existing full-only policy. No Production effects. | T14D: Real approved-recipient provider receipts and pinned isolated worker service binding/two scheduled windows; no Production release | T15: QA/WTIA operations: controlled HK/SG3cold3warm, RUM, real screen reader and3-5staff tasks; no lab-to-region/Production claim. Approved real model/provider and scoped cloud worker remain separate gates. | T17: Field-level WTIA content/policy signoff and T12 business drafting; G5 human staff pilot. Code and isolated acceptance do not approve branding/policy or release Production. | T16: Release/DB/worker/Auth/AI-data/Finance/Messaging/WTIA operations: exact gates and owners in rollout.md/release-manifest.json. No current Production deployment/migration/capability authorization; cloud windows, real identities/providers, human/regional and pilot remain.",145443b69df74ad2f70af172c310d10e05803220,evidence/t14b/verification.json;evidence/t14b/stripe-test-provider.json;evidence/t17/verification.json;evidence/t17/public-extra.json;content-signoff.csv;evidence/t14c/verification.json;evidence/t14c/stripe-test-provider.json;evidence/t14c/preview-runtime.json;evidence/t14d/verification.json;evidence/t15/verification.md;evidence/t15/ci-source.json;evidence/t15/lighthouse-final-scores.json;evidence/t15/preview-runtime.json;evidence/t16/production-readback.json;evidence/t16/ci-source-946.json;evidence/t16/preview-runtime.json;evidence/t16/production-20261005/deployment.json;evidence/t16/production-20261005/browser-final.json
O01,improved; full regression needed,T17;T15,AC-19;AC-23,audit section7,中英字串與主要頁無缺漏,T17_REMAINING_SOURCE_FIXED_EXISTING_CMS_AND_CLAIMS_PRESERVED,NOT_TESTED; T17_PG14_FOCUSED73_NATIVE8_PLUS_PUBLIC_EXTRA;T15_SQL38_NATIVE12_LH10_PASS,Confirmed isolated Preview ledger61 unchanged. Production concierge secret absent; disabled AI runtime verified. Production ledger URL redacted; capability flags/credentials/approvals remain separately gated.,Application code observed on Production ed550b96/dpl_7kPgC4PcwHcP6Q9fWFaVTYgkvVFV via existing redeploy; this execution performed no deployment. Safe disabled concierge/anonymous reads verified separately; task-specific capability/identity/provider/worker gates remain.,TASK_SCOPED_EXTERNAL_GATES_REMAIN,"; T17 paired company-logo archive/race fix: realPG RED2→5green/mutation2;focused73(actualPG14);full6637/460skip;actualCMS/private/history six flows+EN/HKpublic2; private/published CAS audit revert; actual demo/list/detail/sitemap exclusion and distinct counts; 1443-field signoff ledger.; T15 bounded SQL38/native12/EN-HK390-1440/keyboard/private actor switch/axe0/LH10 original thresholds PASS; source CI6771pass590guardedskip, worker57; no region/RUM/human/provider closure.",按任務及decision register,"T17: Field-level WTIA content/policy signoff and T12 business drafting; G5 human staff pilot. Code and isolated acceptance do not approve branding/policy or release Production. | T15: QA/WTIA operations: controlled HK/SG3cold3warm, RUM, real screen reader and3-5staff tasks; no lab-to-region/Production claim. Approved real model/provider and scoped cloud worker remain separate gates.",145443b69df74ad2f70af172c310d10e05803220,;evidence/t17/verification.json;evidence/t17/public-extra.json;content-signoff.csv;evidence/t15/verification.md;evidence/t15/ci-source.json;evidence/t15/lighthouse-final-scores.json;evidence/t15/preview-runtime.json;evidence/t16/production-readback.json;evidence/t16/ci-source-946.json;evidence/t16/preview-runtime.json;evidence/t16/production-20261005/deployment.json;evidence/t16/production-20261005/browser-final.json
O02,disabled UI improved,T03;T18,AC-06;AC-07;AC-08,E08;E14,停用/啟用/歷史/批次scope可理解,LINKED_SOURCE_IMPLEMENTED_REGRESSION_VERIFIED_EXTERNAL_GATES,"NOT_TESTED; T18 focused174 inclPG20; full6632pass442skip; source283 CI all7/worker57; native17entry+9actual password/browser cases, EN/HK390/keyboard/axe0, five kinds and51/101 workspace pagination, 0effects",Confirmed isolated Preview ledger61 unchanged. Production concierge secret absent; disabled AI runtime verified. Production ledger URL redacted; capability flags/credentials/approvals remain separately gated.,Application code observed on Production ed550b96/dpl_7kPgC4PcwHcP6Q9fWFaVTYgkvVFV via existing redeploy; this execution performed no deployment. Safe disabled concierge/anonymous reads verified separately; task-specific capability/identity/provider/worker gates remain.,TASK_SCOPED_EXTERNAL_GATES_REMAIN,"; Current DB-role search fencing; minimal labels/system destinations, private agent threads excluded; mine empty to unassigned; daily SOP with explicit unknown recovery.",按任務及decision register,"T03: Cloud operation readiness/release remain gated by T02; no real sender acceptance from draft or outbox tests. | T18: Operations/QA: 3-5 actual human staff pilot, actual identity/provider/scoped worker windows and capability release; independent T10/T14/T17 engineering already verified.",28322fd3bbf65b2286d77e2fcda4c0ed04932766,;evidence/t18/verification.json;evidence/t18/native-28322fd3-worker-0.json;evidence/t16/production-readback.json;evidence/t16/ci-source-946.json;evidence/t16/preview-runtime.json;evidence/t16/production-20261005/deployment.json;evidence/t16/production-20261005/browser-final.json
O03,not-tested this audit,T14B,AC-11,audit section7,finite grants期限/席位/付款資料不變,PARTIAL_ENGINEERING_VERIFIED_EXISTING_POLICY_PRESERVED,PARTIAL_T14B_NATIVE4_HOSTED_STRIPE_TEST_PG13_NEON28_GRANTS18,Confirmed isolated Preview ledger61 unchanged. Production concierge secret absent; disabled AI runtime verified. Production ledger URL redacted; capability flags/credentials/approvals remain separately gated.,Application code observed on Production ed550b96/dpl_7kPgC4PcwHcP6Q9fWFaVTYgkvVFV via existing redeploy; this execution performed no deployment. Safe disabled concierge/anonymous reads verified separately; task-specific capability/identity/provider/worker gates remain.,TASK_SCOPED_EXTERNAL_GATES_REMAIN,T14B13actualPG/28actualNeon/18grant boundaries; native4+hostedStripeTEST; stale engagement/owned completed-return repaired,按任務及decision register,T14B: Identity owner: controlled Google/test mailbox and verified-email no-profile; Stripe automatic remote webhook/renewal provider; G5 worker/sender/human staff; association policies unchanged.,1e9709cece93182b0be6b283a15904ef073610ce,evidence/t14b/verification.json;evidence/t14b/stripe-test-provider.json;evidence/t16/production-readback.json;evidence/t16/ci-source-946.json;evidence/t16/preview-runtime.json;evidence/t16/production-20261005/deployment.json;evidence/t16/production-20261005/browser-final.json
O04,existing session only,T14A,UC-29;UC-30;AC-01;AC-02;AC-03;AC-04,E13,fresh Google/magic-link/no-profile/role,AUTH_ENTRY_CONTINUATION_AND_ACTOR_BOUNDARIES_IMPLEMENTED,T14A focused48+45; actual synthetic password role checks under T09/T15; Google and magic link NOT verified,Confirmed isolated Preview ledger61 unchanged. Production concierge secret absent; disabled AI runtime verified. Production ledger URL redacted; capability flags/credentials/approvals remain separately gated.,Application code observed on Production ed550b96/dpl_7kPgC4PcwHcP6Q9fWFaVTYgkvVFV via existing redeploy; this execution performed no deployment. Safe disabled concierge/anonymous reads verified separately; task-specific capability/identity/provider/worker gates remain.,TASK_SCOPED_EXTERNAL_GATES_REMAIN,T14A regression and later actual password journeys; real identity gates retained Fresh anonymous bilingual Production admin entry redirects verified; this does not verify Google or magic link.,按任務及decision register,"T14A: Identity owner: approved synthetic Google account and controlled mailbox receiving actual magic links; challenge completion and valid/expired/replay/cross-device receipts remain required. Provider config was read, not provider acceptance.",2c992618c5c737b98d911c086195db312a21de6f,evidence/t14a/verification.json;evidence/t15/verification-working-tree.json;evidence/t16/production-readback.json;evidence/t16/ci-source-946.json;evidence/t16/preview-runtime.json;evidence/t16/production-20261005/deployment.json;evidence/t16/production-20261005/browser-final.json
O05,unknown/disabled,T02;T14D,UC-04;AC-21,E04,真worker窗口/receipt,REASON_AND_COUNTER_BOUNDARIES_FIXED,21_UNIT_AND_7_REAL_DB_PASS,Confirmed isolated Preview ledger61 unchanged. Production concierge secret absent; disabled AI runtime verified. Production ledger URL redacted; capability flags/credentials/approvals remain separately gated.,Application code observed on Production ed550b96/dpl_7kPgC4PcwHcP6Q9fWFaVTYgkvVFV via existing redeploy; this execution performed no deployment. Safe disabled concierge/anonymous reads verified separately; task-specific capability/identity/provider/worker gates remain.,TASK_SCOPED_EXTERNAL_GATES_REMAIN,"Wrong-version/corrupt receipts are degraded; no receipt unknown with null counters; real repository fencing and accepted-timeout preserved; T14D actualPG48: consent/facts freshness, unique echo correlation, unknown held before retry/expired lease/new-key escape, manual/bulk pass outbox and pause/resume. Final T14D SQL48/native6/Preview17/full6657pass519skip0fail/sourceall7/worker57 verified; external-provider/G5 gates still open.",按任務及decision register,"T02: Platform owner: isolated cloud worker APP_URL, service credential/binding and pinned app/worker revision; two real cron-window receipts for each enabled job. Existing acceptance WORKER_JOB_ALLOWLIST=none does not establish active scheduling. | T14D: Real approved-recipient provider receipts and pinned isolated worker service binding/two scheduled windows; no Production release",0f7e48e2,evidence/t14d/verification.json;evidence/t16/production-readback.json;evidence/t16/ci-source-946.json;evidence/t16/preview-runtime.json;evidence/t16/production-20261005/deployment.json;evidence/t16/production-20261005/browser-final.json
O06,approval pending,T00;T07;T14B;T17;T16,AC-11;AC-12;AC-19,historical decision gates,D01–D06原文追溯;不發明批准,T17_REMAINING_SOURCE_FIXED_EXISTING_CMS_AND_CLAIMS_PRESERVED,NOT_TESTED; T17_PG14_FOCUSED73_NATIVE8_PLUS_PUBLIC_EXTRA,Confirmed isolated Preview ledger61 unchanged. Production concierge secret absent; disabled AI runtime verified. Production ledger URL redacted; capability flags/credentials/approvals remain separately gated.,Application code observed on Production ed550b96/dpl_7kPgC4PcwHcP6Q9fWFaVTYgkvVFV via existing redeploy; this execution performed no deployment. Safe disabled concierge/anonymous reads verified separately; task-specific capability/identity/provider/worker gates remain.,TASK_SCOPED_EXTERNAL_GATES_REMAIN,; T17 paired company-logo archive/race fix: realPG RED2→5green/mutation2;focused73(actualPG14);full6637/460skip;actualCMS/private/history six flows+EN/HKpublic2; private/published CAS audit revert; actual demo/list/detail/sitemap exclusion and distinct counts; 1443-field signoff ledger.,按任務及decision register,"T00: External operational gates remain task-scoped in environment-matrix.md; no Production effects authorized by T00 | T07: AI/Data/Finance: approved embedding/provider purpose, data handling, credential and spend; actual embedding/model receipts under T13; Production release and human pilot. | T14B: Identity owner: controlled Google/test mailbox and verified-email no-profile; Stripe automatic remote webhook/renewal provider; G5 worker/sender/human staff; association policies unchanged. | T17: Field-level WTIA content/policy signoff and T12 business drafting; G5 human staff pilot. Code and isolated acceptance do not approve branding/policy or release Production. | T16: Release/DB/worker/Auth/AI-data/Finance/Messaging/WTIA operations: exact gates and owners in rollout.md/release-manifest.json. No current Production deployment/migration/capability authorization; cloud windows, real identities/providers, human/regional and pilot remain.",73272cc69ebc72bc8c552bb940b4a3eb6590c783,;evidence/t17/verification.json;evidence/t17/public-extra.json;content-signoff.csv;evidence/t16/production-readback.json;evidence/t16/ci-source-946.json;evidence/t16/preview-runtime.json;evidence/t16/production-20261005/deployment.json;evidence/t16/production-20261005/browser-final.json
O07,case view present,T09;T14B;T18,UC-23;UC-31;AC-05;AC-15;AC-24,E09,可儲存/owner/SLA/補件/職員操作,LINKED_SOURCE_IMPLEMENTED_REGRESSION_VERIFIED_EXTERNAL_GATES,"NOT_TESTED; T09 focused213 inclPG43, full6616pass429skip; native pending; T09 exactcdd CI6618pass429skip/worker57; native17entry+13cases(all green full run), actualpassword roles; modeloff/0effects; T18 focused174 inclPG20; full6632pass442skip; source283 CI all7/worker57; native17entry+9actual password/browser cases, EN/HK390/keyboard/axe0, five kinds and51/101 workspace pagination, 0effects",Confirmed isolated Preview ledger61 unchanged. Production concierge secret absent; disabled AI runtime verified. Production ledger URL redacted; capability flags/credentials/approvals remain separately gated.,Application code observed on Production ed550b96/dpl_7kPgC4PcwHcP6Q9fWFaVTYgkvVFV via existing redeploy; this execution performed no deployment. Safe disabled concierge/anonymous reads verified separately; task-specific capability/identity/provider/worker gates remain.,TASK_SCOPED_EXTERNAL_GATES_REMAIN,"; T09 current form rules + fact-bound runtime and note-only atomic case adoption; no lifecycle/payment/send writes.; Current DB-role search fencing; minimal labels/system destinations, private agent threads excluded; mine empty to unassigned; daily SOP with explicit unknown recovery.",按任務及decision register,"T09: AI/data/finance owner: versioned application model route/data approval, controlled real test-model credential and run/day/month caps; T13 real wording/cost receipts. Google/magic-link, worker windows and no-profile journeys remain separate tasks. | T14B: Identity owner: controlled Google/test mailbox and verified-email no-profile; Stripe automatic remote webhook/renewal provider; G5 worker/sender/human staff; association policies unchanged. | T18: Operations/QA: 3-5 actual human staff pilot, actual identity/provider/scoped worker windows and capability release; independent T10/T14/T17 engineering already verified.",28322fd3bbf65b2286d77e2fcda4c0ed04932766,;evidence/t09/verification.json;evidence/t09/native-combined-receipt.json;evidence/t18/verification.json;evidence/t18/native-28322fd3-worker-0.json;evidence/t16/production-readback.json;evidence/t16/ci-source-946.json;evidence/t16/preview-runtime.json;evidence/t16/production-20261005/deployment.json;evidence/t16/production-20261005/browser-final.json
O08,not-tested this audit,T17,AC-18,historical release-readiness,返回/草稿/CAS/公開隔離,T17_REMAINING_SOURCE_FIXED_EXISTING_CMS_AND_CLAIMS_PRESERVED,NOT_TESTED; T17_PG14_FOCUSED73_NATIVE8_PLUS_PUBLIC_EXTRA,Confirmed isolated Preview ledger61 unchanged. Production concierge secret absent; disabled AI runtime verified. Production ledger URL redacted; capability flags/credentials/approvals remain separately gated.,Application code observed on Production ed550b96/dpl_7kPgC4PcwHcP6Q9fWFaVTYgkvVFV via existing redeploy; this execution performed no deployment. Safe disabled concierge/anonymous reads verified separately; task-specific capability/identity/provider/worker gates remain.,TASK_SCOPED_EXTERNAL_GATES_REMAIN,; T17 paired company-logo archive/race fix: realPG RED2→5green/mutation2;focused73(actualPG14);full6637/460skip;actualCMS/private/history six flows+EN/HKpublic2; private/published CAS audit revert; actual demo/list/detail/sitemap exclusion and distinct counts; 1443-field signoff ledger.,按任務及decision register,T17: Field-level WTIA content/policy signoff and T12 business drafting; G5 human staff pilot. Code and isolated acceptance do not approve branding/policy or release Production.,73272cc69ebc72bc8c552bb940b4a3eb6590c783,;evidence/t17/verification.json;evidence/t17/public-extra.json;content-signoff.csv;evidence/t16/production-readback.json;evidence/t16/ci-source-946.json;evidence/t16/preview-runtime.json;evidence/t16/production-20261005/deployment.json;evidence/t16/production-20261005/browser-final.json
O09,desktop improved,T14A;T18;T15,AC-02;AC-17;AC-23;AC-24,E03;E13,可發現入口/手機鍵盤/任務效率,LINKED_SOURCE_IMPLEMENTED_REGRESSION_VERIFIED_EXTERNAL_GATES,"NOT_TESTED; T18 focused174 inclPG20; full6632pass442skip; source283 CI all7/worker57; native17entry+9actual password/browser cases, EN/HK390/keyboard/axe0, five kinds and51/101 workspace pagination, 0effects;T15_SQL38_NATIVE12_LH10_PASS",Confirmed isolated Preview ledger61 unchanged. Production concierge secret absent; disabled AI runtime verified. Production ledger URL redacted; capability flags/credentials/approvals remain separately gated.,Application code observed on Production ed550b96/dpl_7kPgC4PcwHcP6Q9fWFaVTYgkvVFV via existing redeploy; this execution performed no deployment. Safe disabled concierge/anonymous reads verified separately; task-specific capability/identity/provider/worker gates remain.,TASK_SCOPED_EXTERNAL_GATES_REMAIN,"; Current DB-role search fencing; minimal labels/system destinations, private agent threads excluded; mine empty to unassigned; daily SOP with explicit unknown recovery.; T15 bounded SQL38/native12/EN-HK390-1440/keyboard/private actor switch/axe0/LH10 original thresholds PASS; source CI6771pass590guardedskip, worker57; no region/RUM/human/provider closure.",按任務及decision register,"T14A: Identity owner: approved synthetic Google account and controlled mailbox receiving actual magic links; challenge completion and valid/expired/replay/cross-device receipts remain required. Provider config was read, not provider acceptance. | T18: Operations/QA: 3-5 actual human staff pilot, actual identity/provider/scoped worker windows and capability release; independent T10/T14/T17 engineering already verified. | T15: QA/WTIA operations: controlled HK/SG3cold3warm, RUM, real screen reader and3-5staff tasks; no lab-to-region/Production claim. Approved real model/provider and scoped cloud worker remain separate gates.",145443b69df74ad2f70af172c310d10e05803220,;evidence/t18/verification.json;evidence/t18/native-28322fd3-worker-0.json;evidence/t15/verification.md;evidence/t15/ci-source.json;evidence/t15/lighthouse-final-scores.json;evidence/t15/preview-runtime.json;evidence/t16/production-readback.json;evidence/t16/ci-source-946.json;evidence/t16/preview-runtime.json;evidence/t16/production-20261005/deployment.json;evidence/t16/production-20261005/browser-final.json
O10,not-tested this audit,T18;T15,AC-07;AC-23,historical status,51/101 cursor穩定無重漏,LINKED_SOURCE_IMPLEMENTED_REGRESSION_VERIFIED_EXTERNAL_GATES,"NOT_TESTED; T18 focused174 inclPG20; full6632pass442skip; source283 CI all7/worker57; native17entry+9actual password/browser cases, EN/HK390/keyboard/axe0, five kinds and51/101 workspace pagination, 0effects;T15_SQL38_NATIVE12_LH10_PASS",Confirmed isolated Preview ledger61 unchanged. Production concierge secret absent; disabled AI runtime verified. Production ledger URL redacted; capability flags/credentials/approvals remain separately gated.,Application code observed on Production ed550b96/dpl_7kPgC4PcwHcP6Q9fWFaVTYgkvVFV via existing redeploy; this execution performed no deployment. Safe disabled concierge/anonymous reads verified separately; task-specific capability/identity/provider/worker gates remain.,TASK_SCOPED_EXTERNAL_GATES_REMAIN,"; Current DB-role search fencing; minimal labels/system destinations, private agent threads excluded; mine empty to unassigned; daily SOP with explicit unknown recovery.; T15 bounded SQL38/native12/EN-HK390-1440/keyboard/private actor switch/axe0/LH10 original thresholds PASS; source CI6771pass590guardedskip, worker57; no region/RUM/human/provider closure.",按任務及decision register,"T18: Operations/QA: 3-5 actual human staff pilot, actual identity/provider/scoped worker windows and capability release; independent T10/T14/T17 engineering already verified. | T15: QA/WTIA operations: controlled HK/SG3cold3warm, RUM, real screen reader and3-5staff tasks; no lab-to-region/Production claim. Approved real model/provider and scoped cloud worker remain separate gates.",145443b69df74ad2f70af172c310d10e05803220,;evidence/t18/verification.json;evidence/t18/native-28322fd3-worker-0.json;evidence/t15/verification.md;evidence/t15/ci-source.json;evidence/t15/lighthouse-final-scores.json;evidence/t15/preview-runtime.json;evidence/t16/production-readback.json;evidence/t16/ci-source-946.json;evidence/t16/preview-runtime.json;evidence/t16/production-20261005/deployment.json;evidence/t16/production-20261005/browser-final.json
O11,not-tested this audit,T08;T14D,AC-14;AC-21,historical status,舊approval/consent/unknown/新reply回歸,LINKED_SOURCE_IMPLEMENTED_REGRESSION_VERIFIED_EXTERNAL_GATES,"PARTIAL_PG30_FOCUSED510_PASS; T08 exact9cf CI6567pass416skip/worker57, actualPG30, native17+12/mobile44; real generation/provider pending",Confirmed isolated Preview ledger61 unchanged. Production concierge secret absent; disabled AI runtime verified. Production ledger URL redacted; capability flags/credentials/approvals remain separately gated.,Application code observed on Production ed550b96/dpl_7kPgC4PcwHcP6Q9fWFaVTYgkvVFV via existing redeploy; this execution performed no deployment. Safe disabled concierge/anonymous reads verified separately; task-specific capability/identity/provider/worker gates remain.,TASK_SCOPED_EXTERNAL_GATES_REMAIN,"T08 deterministic final body; actual SQL CAS/current facts/append-only history/receipt fencing; not provider acceptance; T14D actualPG48: consent/facts freshness, unique echo correlation, unknown held before retry/expired lease/new-key escape, manual/bulk pass outbox and pause/resume. Final T14D SQL48/native6/Preview17/full6657pass519skip0fail/sourceall7/worker57 verified; external-provider/G5 gates still open.",按任務及decision register,"T08: AI/Data/Finance: actual approved model/provider acceptance under T13, versioned data governance and capability-specific Production authorization; business source/readers T09-T12 implemented separately. | T14D: Real approved-recipient provider receipts and pinned isolated worker service binding/two scheduled windows; no Production release",9cfb70ded53f7b3324da1bbb53bf78f018b32d86,evidence/t08/verification.json;evidence/t08/ci-final.json;evidence/t08/native-review.json;evidence/t14d/verification.json;evidence/t16/production-readback.json;evidence/t16/ci-source-946.json;evidence/t16/preview-runtime.json;evidence/t16/production-20261005/deployment.json;evidence/t16/production-20261005/browser-final.json
O12,not-tested this audit,T14B,UC-32;AC-11,historical status,expired billing/paid-unapplied/entitlement,PARTIAL_ENGINEERING_VERIFIED_EXISTING_POLICY_PRESERVED,PARTIAL_T14B_NATIVE4_HOSTED_STRIPE_TEST_PG13_NEON28_GRANTS18,Confirmed isolated Preview ledger61 unchanged. Production concierge secret absent; disabled AI runtime verified. Production ledger URL redacted; capability flags/credentials/approvals remain separately gated.,Application code observed on Production ed550b96/dpl_7kPgC4PcwHcP6Q9fWFaVTYgkvVFV via existing redeploy; this execution performed no deployment. Safe disabled concierge/anonymous reads verified separately; task-specific capability/identity/provider/worker gates remain.,TASK_SCOPED_EXTERNAL_GATES_REMAIN,T14B13actualPG/28actualNeon/18grant boundaries; native4+hostedStripeTEST; stale engagement/owned completed-return repaired,按任務及decision register,T14B: Identity owner: controlled Google/test mailbox and verified-email no-profile; Stripe automatic remote webhook/renewal provider; G5 worker/sender/human staff; association policies unchanged.,1e9709cece93182b0be6b283a15904ef073610ce,evidence/t14b/verification.json;evidence/t14b/stripe-test-provider.json;evidence/t16/production-readback.json;evidence/t16/ci-source-946.json;evidence/t16/preview-runtime.json;evidence/t16/production-20261005/deployment.json;evidence/t16/production-20261005/browser-final.json
O13,original renewal unmeasured,T14B;T11;T15,UC-21;AC-11;AC-23,audit section7,原renewal與AIretention分別量度,PARTIAL_ENGINEERING_VERIFIED_EXISTING_POLICY_PRESERVED,PARTIAL_T14B_NATIVE4_HOSTED_STRIPE_TEST_PG13_NEON28_GRANTS18;T15_SQL38_NATIVE12_LH10_PASS,Confirmed isolated Preview ledger61 unchanged. Production concierge secret absent; disabled AI runtime verified. Production ledger URL redacted; capability flags/credentials/approvals remain separately gated.,Application code observed on Production ed550b96/dpl_7kPgC4PcwHcP6Q9fWFaVTYgkvVFV via existing redeploy; this execution performed no deployment. Safe disabled concierge/anonymous reads verified separately; task-specific capability/identity/provider/worker gates remain.,TASK_SCOPED_EXTERNAL_GATES_REMAIN,"T14B13actualPG/28actualNeon/18grant boundaries; native4+hostedStripeTEST; stale engagement/owned completed-return repaired; T11 bounded100/limit101 on1k/10k, DB grouping/collation and pending SQL, pre-call durable work/cross-day unknown, whole-body facts and current-consent human approve; PG61/native2/Preview19/CI6698pass555skip0fail; no sends.; T15 bounded SQL38/native12/EN-HK390-1440/keyboard/private actor switch/axe0/LH10 original thresholds PASS; source CI6771pass590guardedskip, worker57; no region/RUM/human/provider closure.",按任務及decision register,"T14B: Identity owner: controlled Google/test mailbox and verified-email no-profile; Stripe automatic remote webhook/renewal provider; G5 worker/sender/human staff; association policies unchanged. | T11: AI/Data/Finance approved administrative model/data/credential/caps/real receipts; Platform pinned isolated worker service/two actual windows; G5 human pilot and capability release approval. | T15: QA/WTIA operations: controlled HK/SG3cold3warm, RUM, real screen reader and3-5staff tasks; no lab-to-region/Production claim. Approved real model/provider and scoped cloud worker remain separate gates.",145443b69df74ad2f70af172c310d10e05803220,evidence/t14b/verification.json;evidence/t14b/stripe-test-provider.json;evidence/t11/verification.json;evidence/t15/verification.md;evidence/t15/ci-source.json;evidence/t15/lighthouse-final-scores.json;evidence/t15/preview-runtime.json;evidence/t16/production-readback.json;evidence/t16/ci-source-946.json;evidence/t16/preview-runtime.json;evidence/t16/production-20261005/deployment.json;evidence/t16/production-20261005/browser-final.json
O14,counts improved; copy approval pending,T17;T18,AC-19;AC-24,audit section7,profile/membership/seat語義及品牌核准,T17_REMAINING_SOURCE_FIXED_EXISTING_CMS_AND_CLAIMS_PRESERVED,"NOT_TESTED; T18 focused174 inclPG20; full6632pass442skip; source283 CI all7/worker57; native17entry+9actual password/browser cases, EN/HK390/keyboard/axe0, five kinds and51/101 workspace pagination, 0effects; T17_PG14_FOCUSED73_NATIVE8_PLUS_PUBLIC_EXTRA",Confirmed isolated Preview ledger61 unchanged. Production concierge secret absent; disabled AI runtime verified. Production ledger URL redacted; capability flags/credentials/approvals remain separately gated.,Application code observed on Production ed550b96/dpl_7kPgC4PcwHcP6Q9fWFaVTYgkvVFV via existing redeploy; this execution performed no deployment. Safe disabled concierge/anonymous reads verified separately; task-specific capability/identity/provider/worker gates remain.,TASK_SCOPED_EXTERNAL_GATES_REMAIN,"; Current DB-role search fencing; minimal labels/system destinations, private agent threads excluded; mine empty to unassigned; daily SOP with explicit unknown recovery.; T17 paired company-logo archive/race fix: realPG RED2→5green/mutation2;focused73(actualPG14);full6637/460skip;actualCMS/private/history six flows+EN/HKpublic2; private/published CAS audit revert; actual demo/list/detail/sitemap exclusion and distinct counts; 1443-field signoff ledger.",按任務及decision register,"T17: Field-level WTIA content/policy signoff and T12 business drafting; G5 human staff pilot. Code and isolated acceptance do not approve branding/policy or release Production. | T18: Operations/QA: 3-5 actual human staff pilot, actual identity/provider/scoped worker windows and capability release; independent T10/T14/T17 engineering already verified.",73272cc69ebc72bc8c552bb940b4a3eb6590c783,;evidence/t18/verification.json;evidence/t18/native-28322fd3-worker-0.json;evidence/t17/verification.json;evidence/t17/public-extra.json;content-signoff.csv;evidence/t16/production-readback.json;evidence/t16/ci-source-946.json;evidence/t16/preview-runtime.json;evidence/t16/production-20261005/deployment.json;evidence/t16/production-20261005/browser-final.json
