task_id,finding_ids,priority,title,change_scope,dependencies,owner_role,effort_estimate,status,acceptance_criteria,user_case_ids,evidence_ids,verification_environment,rollback,blocker,test_focus,planned_state
T00,ALL,P1,證據與環境基線,current HEAD/source-map/decision/env gates,,Engineering + QA,1–2人日,ENGINEERING_BASELINE_COMPLETE,見主計劃同ID及Acceptance矩陣,AC-01,evidence/t00/input-and-version.json;evidence/t00/baseline-gates.json,確認隔離DB/Auth;Stripe TEST;sender sink/approved test recipient,停新writer/dequeue;保留audit/in-flight;compatible app/worker;forward repair,External operational gates remain task-scoped in environment-matrix.md; no Production effects authorized by T00,見主計劃精確測試路徑,DONE
T01,F-AI01,P1,客服配置與降級,concierge route/env/widget/readiness,T00,Backend + DevOps,1–2人日,CODE_AND_NATIVE_FAILURE_RECOVERY_VERIFIED,缺secret回503、0 provider/DB副作用；有效獨立secret後成功；UI支援入口,UC-01;UC-02,evidence/t01/verification.json;evidence/t01/browser-receipt.json,確認隔離DB/Auth、Stripe TEST、sender sink；production僅於另獲部署授權後canary,停該功能新工作；保留manual主流程、history、audit、in-flight對帳；不刪資料或盲重送,Configured provider success/Production secret verification require capability-specific configuration; not claimed by mock service boundary tests,見主計劃同ID的focused命令,IN_PROGRESS
T02,F-AI02;O05,P1,驗證worker與DB readiness,existing health/worker/jobs,T00,DevOps,2–3人日＋兩窗口,CODE_AND_ISOLATED_REPOSITORY_VERIFIED,17類各有狀態；每啟用工作兩窗口verified；版本/binding明確,UC-03;UC-04,evidence/t02/verification.json,確認隔離DB/Auth、Stripe TEST、sender sink；production僅於另獲部署授權後canary,停該功能新工作；保留manual主流程、history、audit、in-flight對帳；不刪資料或盲重送,"Platform owner: isolated cloud worker APP_URL, service credential/binding and pinned app/worker revision; two real cron-window receipts for each enabled job. Existing acceptance WORKER_JOB_ALLOWLIST=none does not establish active scheduling.",見主計劃同ID的focused命令,IN_PROGRESS
T03,F-AI03;O02,P1,逐項batch rollout,batch service/handlers/preview,T02,Backend + QA,2–4人日,ACTUAL_SQL_FIXED100_AND_24_SCALE_CASES_VERIFIED,固定100筆snapshot；80成功20分類略過；雙commit一次；unknown先對帳,UC-05;UC-06;UC-07;UC-08;UC-38;UC-39;AC-06;AC-07;AC-08,evidence/t03/verification.json;evidence/t03/fixed100.json;evidence/t03/batch-scale-matrix.json,確認隔離DB/Auth、Stripe TEST、sender sink；production僅於另獲部署授權後canary,停該功能新工作；保留manual主流程、history、audit、in-flight對帳；不刪資料或盲重送,Cloud operation readiness/release remain gated by T02; no real sender acceptance from draft or outbox tests.,見主計劃同ID的focused命令,IN_PROGRESS
T04,F-AI13,P2,量度人工基線及全案件分母,operations metrics/AI-Ops/report,T00,Product + Operations,1–2人日＋兩星期樣本,COLLECTION_AND_IMMUTABLE_COMPARISON_VERIFIED_BASELINE_NOT_COLLECTED,hand-off/reopen入分母；缺樣本unknown；人工/覆核/重工分開,UC-28;AC-24,evidence/t04/verification.json;evidence/t04/browser-receipt-final.json,確認隔離DB/Auth、Stripe TEST、sender sink；production僅於另獲部署授權後canary,停該功能新工作；保留manual主流程、history、audit、in-flight對帳；不刪資料或盲重送,Operations + QA: actual two-week manual baseline and agreed comparison scope; complete non-support population integration remains engineering work under linked workflow tasks.,154 focused / 9 actual isolated DB / 5 native browser / full 6421 pass 338 skip; runtime 2c992618c5c737b98d911c086195db312a21de6f,IN_PROGRESS
T05,F-AI04;F-AI05,P2,Provider registry與可選Go adapter,model/provider/runtime/config,T00,AI Backend,2–3人日,SOURCE_AND_MOCK_SDK_CONTRACT_FULL_GATES_PASS_ADOPTION_CLOSED,未核准及任意baseURL拒絕；三protocol contract；Go disabled直到用途確認,UC-09;UC-10,evidence/t05/verification.json,確認隔離DB/Auth、Stripe TEST、sender sink；production僅於另獲部署授權後canary,停該功能新工作；保留manual主流程、history、audit、in-flight對帳；不刪資料或盲重送,OpenCode admin purpose/model data policy unapproved; adapter disabled. Real provider receipt not claimed.,209 focused / 6464 full pass 339 skip / final registry invariant 35 pass / lint types strings build exit0,ENGINEERING_DONE_ADOPTION_GATE
T06,F-AI06,P1,原子預算與成本對帳,budget repo/migration/runtime/pricing,T05,Backend,2–3人日,SOURCE_FULL_GATES_PG_AND_PREVIEW17_PASS_PROVIDER_GATE,原子最大成本預留;unknown不TTL退款;settle冪等;四agent/token分類/SDK7 aggregate,UC-11;UC-12;UC-34;AC-09;AC-10,evidence/t06/verification.json;evidence/t06/neon-migrate-safe.json;ai-budget-runbook.zh-HK.md;evidence/t06/preview-runtime-safe.json;evidence/t06/merge.json,確認隔離DB/Auth、Stripe TEST、sender sink；production僅於另獲部署授權後canary,停該功能新工作；保留manual主流程、history、audit、in-flight對帳；不刪資料或盲重送,AI service/finance owner: approved administrative test credential and run/day/month caps; real provider receipt still required. Production migration/release remain task-scoped gates.,267 focused pass 1 guarded skip; actual PG16 pass0skip; full6490 pass355skip; lint/type/strings/build exit0,ENGINEERING_DONE_ADOPTION_GATE
T07,F-AI07;F-AI08;O06,P1,核准知識版本與scope,kb documents/search/policy/admin sources,T00,Backend + Content Owner,3–4人日,SOURCE_FULL_CI6520_PG31_NATIVE29_PASS_PROVIDER_POLICY_GATES,過期撤回staff資料不流入public；來源帶version/hash/effective date,UC-13;UC-15;UC-16;UC-17;AC-12,evidence/t07/verification.json;evidence/t07/neon-migrate-safe.json;knowledge-runbook.zh-HK.md,確認隔離DB/Auth、Stripe TEST、sender sink；production僅於另獲部署授權後canary,停該功能新工作；保留manual主流程、history、audit、in-flight對帳；不刪資料或盲重送,Approved embedding credential/spend and content approver policy; T08 draft staleness/final body and T13 real model gates; Production release not authorized.,207 focused +40 inventory/date +53 URL/action; fresh PG31pass0skip; latest-source CI6520pass386skip0fail/worker57 and all gates; native17+12; historical local serial6514pass386skip,IN_PROGRESS
T08,F-AI07;F-AI09;F-AI11;O11,P1,草稿事實校驗與review契約,draft contracts/store/service/panel,T06;T07,Backend + Frontend,3–4人日,SOURCE_CI6567_PG30_NATIVE29_PASS_REAL_MODEL_BUSINESS_GATES,錯金額日期拒絕；facts變更stale；並發review一次；review不send,UC-14;UC-16;UC-20;UC-25;AC-13;AC-14,evidence/t08/verification.json;evidence/t08/neon-migrate-safe.json;ai-draft-runbook.zh-HK.md,確認隔離DB/Auth、Stripe TEST、sender sink；production僅於另獲部署授權後canary,停該功能新工作；保留manual主流程、history、audit、in-flight對帳；不刪資料或盲重送,Actual approved model/provider acceptance under T13; business readers/generation T09/T11/T12; data governance policy and Production capability authorization.,510 broad focused; final89 incl30 actualPG; exact9cf CI6567pass416skip0fail/worker57/all7checks; Preview17+12 native; mobile44px,IN_PROGRESS
T09,F-AI11;O07,P2,入會補件草稿,application case + triage,T08,Fullstack,2人日,SOURCE_CI6618_PG43_NATIVE30_PASS_REAL_MODEL_GATE,缺件由規則；pending payment不再付；不改membership,UC-23;UC-31;AC-05;AC-15,evidence/t09/verification.json;evidence/t09/native-combined-receipt.json;evidence/t09/ci-checks.json;application-followup-sop.zh-HK.md,確認隔離DB/Auth、Stripe TEST、sender sink；production僅於另獲部署授權後canary,停該功能新工作；保留manual主流程、history、audit、in-flight對帳；不刪資料或盲重送,"AI/data/finance owner: versioned application model route/data approval, controlled real test-model credential and run/day/month caps; T13 real wording/cost receipts. Google/magic-link, worker windows and no-profile journeys remain separate tasks.",Prior focused213 incl43 actualPG; final UI13; exact CI6618pass429skip/worker57/all7; native17entry +13 cases in an all-green full run,ENGINEERING_DONE_PROVIDER_GATE
T10,F-AI11,P2,Inbox來源回覆與review queue,support drafts/review queue;接入T18搜尋,T08;T18,Fullstack,2–3人日,SOURCE_CI6683_PG21_NATIVE2_PREVIEW19_PASS_REAL_MODEL_GATE,採用只填compose；發送另驗consent/window；角色不可跨越,UC-24;UC-25;AC-16;AC-17,evidence/t10/verification.json;evidence/t10/native-current.json;evidence/t10/full.json;support-draft-sop.zh-HK.md;evidence/t10/preview-runtime.json,Disposable PG16/all59; positively proven isolated Neon/password Auth; no model dispatch; encrypted session/conversation-bound recovery; Production false,停該功能新工作；保留manual主流程、history、audit、in-flight對帳；不刪資料或盲重送,AI/data/finance owner: approved administrative model/data/test credential and run/day/month caps plus real model receipts under T13. Platform/identity/operations gates remain separate; Production retention requires owner policy and capability release approval.,186 earlier focused; final84 incl21 actualPG; current full6683pass540skip0fail/worker57; native2 EN/HK390/passwordAuth/axe0; counts overlap; exact Preview19 incl2 EN/HK reviewed/adopted0outbound,ENGINEERING_DONE_PROVIDER_GATE
T11,F-AI03;F-AI09;F-AI10;F-AI11;O13,P2,有限範圍續會生成,retention repo/service/approval/batch,T03;T08,Backend,3人日,CODE_SQL61_NATIVE2_PREVIEW19_CI6698_PASS_PROVIDER_WORKER_GATES,bounded SQL/keyset;durable pre-call claim;unknown不盲重跑;paid/optout重驗,UC-18;UC-21;UC-22;UC-38;AC-10;AC-11,evidence/t11/verification.json;evidence/t11/manifest.json;retention-draft-sop.zh-HK.md,Disposable PG16/all60; positively verified nonprimary Neon/password Auth; offline proposals/simulated provider; no Production,Disable capability/pause writer-dequeue; compatible app/worker; retain0060/audit/in-flight; reconcile unknown before retry,AI/Data/Finance approved administrative model/data/credential/caps/real receipts; Platform pinned isolated worker service/two actual windows; G5 human pilot and capability release approval.,Focused72 and final48 overlap; actualPG61 distinct(retention15/draft30/budget16); native2/Preview19/currentCI6698pass555skip0fail/worker57,ENGINEERING_DONE_PROVIDER_WORKER_GATE
T12,F-AI09;F-AI11,P2,報告／活動／內容雙語草稿,board reporter/writer/staff UI,T08,Fullstack + Editor,2–3人日,planned,0分母不編造；金額日期中英一致；無自動發布／MDX執行,UC-19;UC-20;UC-40;AC-18;AC-19,E05;E15;E16,確認隔離DB/Auth、Stripe TEST、sender sink；production僅於另獲部署授權後canary,停該功能新工作；保留manual主流程、history、audit、in-flight對帳；不刪資料或盲重送,,見主計劃同ID的focused命令,NOT_STARTED
T13,F-AI06;F-AI07;F-AI09;F-AI12,P1,模型準確度與對抗評測,golden corpus/eval runner/grader,T09;T10;T11;T12,QA + Operations,2–3人日,planned,≥60題×每模型3次；安全0錯；critical100%；grounded≥95%；成本延遲附樣本,UC-13;UC-14;UC-15;UC-16;UC-26;UC-27;AC-13;AC-22,E01,確認隔離DB/Auth、Stripe TEST、sender sink；production僅於另獲部署授權後canary,停該功能新工作；保留manual主流程、history、audit、in-flight對帳；不刪資料或盲重送,live provider核准、budget及golden標註,見主計劃同ID的focused命令,NOT_STARTED
T14A,F-AI14;O04;O09,P1,Google／電郵登入及職員入口,auth/admin-login/returnTo,T00,Engineering + QA,2–3人日,SOURCE_CONTINUATION_IMPLEMENTED,見主計劃同ID及Acceptance矩陣,UC-29;UC-30;AC-01;AC-02;AC-03;AC-04,evidence/t14a/verification.json,確認隔離DB/Auth;Stripe TEST;sender sink/approved test recipient,停新writer/dequeue;保留audit/in-flight;compatible app/worker;forward repair,"Identity owner: approved synthetic Google account and controlled mailbox receiving actual magic links; challenge completion and valid/expired/replay/cross-device receipts remain required. Provider config was read, not provider acceptance.",見主計劃精確測試路徑,IN_PROGRESS
T14B,F-AI14;O03;O06;O07;O12;O13,P1,入會審批權益及續會,membership/application/billing/grants;G5聯合驗收依T02/T03,T14A,Engineering + QA,2–3人日,SOURCE_PG13_NATIVE4_STRIPE_TEST_GREEN_G5_PARTIAL,見主計劃同ID及Acceptance矩陣,UC-31;UC-32;AC-05;AC-11;AC-15,evidence/t14b/verification.json;evidence/t14b/native-1e9709ce-worker-0.json;evidence/t14b/stripe-test-provider.json;evidence/t14b/ci-source.json,確認隔離DB/Auth;Stripe TEST;sender sink/approved test recipient,停新writer/dequeue;保留audit/in-flight;compatible app/worker;forward repair,Identity owner: controlled Google/test mailbox and verified-email no-profile; Stripe automatic remote webhook/renewal provider; G5 worker/sender/human staff; association policies unchanged.,45 webhook/lifecycle +58 join +28 actualNeon +18 grant/benefits; native4; hostedStripeTEST; exactCI6637pass455skip/worker57,PARTIAL
T14C,F-AI14,P1,活動名額付款退款及票券,events/payment/webhook/refund;G5聯合驗收依T02/T03,T14A,Engineering + QA,2–3人日,PARTIAL_CODE_PG_NATIVE_STRIPE_TEST_VERIFIED,見主計劃同ID及Acceptance矩陣,UC-32;UC-33;AC-20,evidence/t14c/verification.json;evidence/t14c/stripe-test-provider.json;evidence/t14c/preview-runtime.json,Actual disposable PG16/all59; confirmed isolated Neon/Auth; native Chromium; actual Stripe TEST hosted and signed CLI replay; sink email; no Production,停新writer/dequeue;保留audit/in-flight;compatible app/worker;forward repair,"Automatic remote webhook/real sender delivery, controlled Google/magic identity, cloud-worker windows and 3–5 human staff G5 remain unverified. Actual Stripe TEST receipts were signed CLI events held/forwarded/replayed by the owned loopback relay. Outbox ran with synthetic email test sink, not real recipient delivery. Partial refund NOT_APPLICABLE under existing full-only policy. No Production effects.",見主計劃精確測試路徑,IN_PROGRESS
T14D,F-AI02;F-AI03;F-AI14;O05;O11,P1,送達同意與unknown復原,outbox/channels/inbox/reconciliation,T02;T03;T14A,Engineering + QA,1–2人日,CODE_AND_ISOLATED_SQL48_NATIVE6_PASS_PROVIDER_WORKER_GATES,見主計劃同ID及Acceptance矩陣,UC-07;UC-35;UC-38;AC-21,evidence/t14d/verification.json;evidence/t14d/native-current.json;evidence/t14d/manifest.json,Actual all59-migration disposable PG48; isolated Neon DB/Auth native6 EN/HK390; Preview17; full6657pass519skip0fail; source CIall7/worker57,停新writer/dequeue;保留audit/in-flight;compatible app/worker;forward repair,Real approved-recipient provider receipts and pinned isolated worker service binding/two scheduled windows; no Production release,294 focused before final2 cases; latest119 incl48 all59-migration actualPG; sink/callback provenance explicit,PARTIAL
T15,F-AI10;F-AI11;F-AI14;O01;O09;O10;O13,P2,效能與可用性驗收,list queries/UI/a11y/Lighthouse/RUM,T03;T09;T10;T11;T12;T14A;T14B;T14C;T14D;T17;T18,QA + Fullstack,2–3人日,planned,HK/SG3冷暖；1k/10k；390px/keyboard；3–5職員完成任務,UC-21;UC-36;UC-37;AC-11;AC-23,E01;E03,確認隔離DB/Auth、Stripe TEST、sender sink；production僅於另獲部署授權後canary,停該功能新工作；保留manual主流程、history、audit、in-flight對帳；不刪資料或盲重送,,見主計劃同ID的focused命令,NOT_STARTED
T16,F-AI01;F-AI02;F-AI03;F-AI04;F-AI13;F-AI14;O06,P1,證據完整後小量試點,release docs/flags/canary,T01;T02;T03;T04;T05;T06;T07;T08;T09;T10;T11;T12;T13;T14A;T14B;T14C;T14D;T15;T17;T18,Release Owner,1–2人日＋試點,planned,2staff/50cases/day draft-only；部署授權；一週指標；可停sender對帳,UC-01;UC-04;UC-06;UC-26;UC-28;UC-35;AC-24,E01;E04;E10;E11,確認隔離DB/Auth、Stripe TEST、sender sink；production僅於另獲部署授權後canary,停該功能新工作；保留manual主流程、history、audit、in-flight對帳；不刪資料或盲重送,完整驗收與正式部署授權,見主計劃同ID的focused命令,NOT_STARTED
T17,F-AI14;O01;O06;O08;O14,P2,雙語內容與CMS維護,public/CMS/private drafts/publish,T00,Engineering + QA,2–3人日,ENGINEERING_PG14_FOCUSED73_NATIVE8_CI_GREEN_CONTENT_SIGNOFF_PENDING,見主計劃同ID及Acceptance矩陣,UC-40;AC-18;AC-19,evidence/t17/verification.json;evidence/t17/ci-source.json;evidence/t17/browser.json;content-signoff.csv,確認隔離DB/Auth;Stripe TEST;sender sink/approved test recipient,停新writer/dequeue;保留audit/in-flight;compatible app/worker;forward repair,Field-level WTIA content/policy signoff and T12 business drafting; G5 human staff pilot. Code and isolated acceptance do not approve branding/policy or release Production.,見主計劃精確測試路徑,PARTIAL
T18,F-AI03;F-AI11;F-AI13;O02;O07;O09;O10;O14,P2,工作台搜尋與每日SOP,workspace/search/list/segment/SOP,T00,Engineering + QA,2–3人日,ENGINEERING_PG20_FOCUSED174_NATIVE9_CI_GREEN_PILOT_BLOCKED,見主計劃同ID及Acceptance矩陣,UC-23;UC-25;UC-36;AC-06;AC-07;AC-17;AC-24,evidence/t18/verification.json;evidence/t18/ci-source.json;evidence/t18/native-28322fd3-worker-0.json;operations-handbook.md,確認隔離DB/Auth;Stripe TEST;sender sink/approved test recipient,停新writer/dequeue;保留audit/in-flight;compatible app/worker;forward repair,3-5 human staff G5 pilot and full T10/T14/T17/provider/windows remain separate gates; no Production release.,見主計劃精確測試路徑,PARTIAL
